,是否印標,印標人員,Tracking ID,尾碼,SKU ID,5,6,7,8,9,10,11,12,13,14,15,16,DATE,18,19,20,21
2,V,42525,TTWK000563248,03,16269954703_210242749475,12,16269954703,TTWK000563248,GINTWK0002206060012,Counting,16269954703_210242749475,UCC 咖啡對話系列 曼巴特調/中南美特調 8gX8入/盒 現貨 蝦皮直送:中南美特調,12,正常,0,NO,sp1344@shopee.com,2022-06-06 8:28:31,709378,TW_優仕咖啡股份有限公司(Consignment),詳情計數,
3,V,42525,TTWK000546979,67,7597371867_66923799026,102,7597371867,TTWK000546979,GINTWK0002206060001,Counting,7597371867_66923799026,UCC 經典曼巴/燻香炭燒風味咖啡豆 454g/袋 熱銷曼巴款 獨特煙燻香氣 現貨 蝦皮直送:經典曼巴,102,正常,0,NO,sp2907@shopee.com,2022-06-06 8:24:52,709378,TW_優仕咖啡股份有限公司(Consignment),詳情計數,詳情計數
4,V,42525,TTWK000539459,67,7597371867_66923799026,18,7597371867,TTWK000539459,GINTWK0002206060001,Counted,7597371867_66923799026,UCC 經典曼巴/燻香炭燒風味咖啡豆 454g/袋 熱銷曼巴款 獨特煙燻香氣 現貨 蝦皮直送:經典曼巴,18,正常,18,NO,sp2907@shopee.com,2022-06-06 8:24:42,709378,TW_優仕咖啡股份有限公司(Consignment),詳情質檢,詳情質檢
5,V,42525,TTWK000563249,03,16269954703_210242749474,12,16269954703,TTWK000563249,GINTWK0002206060005,Counting,16269954703_210242749474,UCC 咖啡對話系列 曼巴特調/中南美特調 8gX8入/盒 現貨 蝦皮直送:曼巴特調,12,正常,0,NO,sp2907@shopee.com,2022-06-06 8:51:50,709378,TW_優仕咖啡股份有限公司(Consignment),詳情計數,
6,V,42525,TTWK000539464,60,5297373160_84170837850,55,5297373160,TTWK000539464,GINTWK0002206060004,Counting,5297373160_84170837850,Maxwell麥斯威爾 3合1系列 香醇原味/特濃 40包入 兩款可選 咖啡 沖泡 現貨 蝦皮直送:香醇原味3合1咖啡,55,正常,0,NO,sp1225@shopee.com,2022-06-06 8:50:27,3814-06-16 0:00:00,TW_勇信貿易股份有限公司(Consignment),詳情計數,詳情計數
7,V,42525,TTWK000546980,65,7697371865_101418956485,144,7697371865,TTWK000546980,GINTWK0002206060002,Counted,7697371865_101418956485,UCC 即溶咖啡 精選即溶666/113/118 100g/罐 (第三代即溶咖啡) 現貨 蝦皮直送:113,144,正常,144,NO,sp2907@shopee.com,2022-06-06 8:47:13,3842-03-17 0:00:00,TW_優仕咖啡股份有限公司(Consignment),詳情質檢,詳情質檢
8,V,42525,TTWK000546981,60,5297373160_84170837851,187,5297373160,TTWK000546981,GINTWK0002206060003,Counting,5297373160_84170837851,Maxwell麥斯威爾 3合1系列 香醇原味/特濃 40包入 兩款可選 咖啡 沖泡 現貨 蝦皮直送:特濃3合1咖啡,187,正常,0,NO,sp1409@shopee.com,2022-06-06 8:44:04,3814-06-16 0:00:00,TW_勇信貿易股份有限公司(Consignment),詳情計數,詳情計數
9,V,42525,TTWK000539460,65,7697371865_101418956485,96,7697371865,TTWK000539460,GINTWK0002206060002,Counted,7697371865_101418956485,UCC 即溶咖啡 精選即溶666/113/118 100g/罐 (第三代即溶咖啡) 現貨 蝦皮直送:113,96,正常,96,NO,sp2907@shopee.com,2022-06-06 8:40:13,3842-03-17 0:00:00,TW_優仕咖啡股份有限公司(Consignment),詳情質檢,詳情質檢
10,V,42525,TTWK000539461,60,5297373160_84170837851,53,5297373160,TTWK000539461,GINTWK0002206060003,Counted,5297373160_84170837851,Maxwell麥斯威爾 3合1系列 香醇原味/特濃 40包入 兩款可選 咖啡 沖泡 現貨 蝦皮直送:特濃3合1咖啡,53,正常,53,NO,sp1409@shopee.com,2022-06-06 8:37:32,3814-06-16 0:00:00,TW_勇信貿易股份有限公司(Consignment),詳情質檢,詳情質檢
11,V,42525,TTWK000546982,03,16269954703_210242749475,118,16269954703,TTWK000546982,GINTWK0002206060012,Counting,16269954703_210242749475,UCC 咖啡對話系列 曼巴特調/中南美特調 8gX8入/盒 現貨 蝦皮直送:中南美特調,118,正常,0,NO,sp1344@shopee.com,2022-06-06 8:31:48,3842-03-17 0:00:00,TW_優仕咖啡股份有限公司(Consignment),詳情計數,詳情計數
12,V,42525,TTWK000539467,60,10125977460_111419044873,24,10125977460,TTWK000539467,GINTWK0002206060023,Counted,10125977460_111419044873,Nabati 起司/巧克力/花生威化餅(414g) 現貨 蝦皮直送:巧克力威化餅,24,正常,24,NO,sp99075@shopee.com,2022-06-06 9:02:12,699242,TW_勇信貿易股份有限公司(Consignment),詳情質檢,
13,V,42525,TTWK000546984,60,5297373160_84170837850,185,5297373160,TTWK000546984,GINTWK0002206060004,Counting,5297373160_84170837850,Maxwell麥斯威爾 3合1系列 香醇原味/特濃 40包入 兩款可選 咖啡 沖泡 現貨 蝦皮直送:香醇原味3合1咖啡,185,正常,0,NO,sp1225@shopee.com,2022-06-06 9:00:51,699242,TW_勇信貿易股份有限公司(Consignment),詳情計數,詳情計數
14,V,42525,TTWK000539462,49,11525948249_111418207337,48,11525948249,TTWK000539462,GINTWK0002206060011,Counting,11525948249_111418207337,UCC 濾掛式咖啡-炭燒/經典風味/法式深焙 (8gx12入)短效品 蝦皮直送:炭燒風味,48,正常,0,NO,sp1344@shopee.com,2022-06-06 8:59:30,709378,TW_優仕咖啡股份有限公司(Consignment),詳情計數,詳情計數
15,V,42525,TTWK000539466,78,11825945978_94170531972,84,11825945978,TTWK000539466,GINTWK0002206060027,Counting,11825945978_94170531972,日本Calbee卡樂比 加卡比盒裝薯條 日本必買 機場必買 日本零食 現貨 蝦皮直送:鹽味,84,正常,0,NO,sp0880@shopee.com,2022-06-06 8:58:09,699242,TW_勇信貿易股份有限公司(Consignment),詳情計數,詳情計數
16,V,42525,TTWK000539465,21,11425959221_84170822884,160,11425959221,TTWK000539465,GINTWK0002206060032,Counting,11425959221_84170822884,Maxwell 麥斯威爾 MAXIM典藏咖啡環保包(140g) 蝦皮直送:MAXIM典藏咖啡環保包,160,正常,0,NO,sp0923@shopee.com,2022-06-06 8:56:14,699242,TW_勇信貿易股份有限公司(Consignment),詳情計數,詳情計數
17,V,42525,TTWK000546985,03,16269954703_210242749474,228,16269954703,TTWK000546985,GINTWK0002206060005,Counting,16269954703_210242749474,UCC 咖啡對話系列 曼巴特調/中南美特調 8gX8入/盒 現貨 蝦皮直送:曼巴特調,228,正常,0,NO,sp2907@shopee.com,2022-06-06 8:54:41,709378,TW_優仕咖啡股份有限公司(Consignment),詳情計數,詳情計數
18,V,42525,TTWK000546983,49,11525948249_111418207337,72,11525948249,TTWK000546983,GINTWK0002206060011,Counted,11525948249_111418207337,UCC 濾掛式咖啡-炭燒/經典風味/法式深焙 (8gx12入)短效品 蝦皮直送:炭燒風味,72,正常,72,NO,sp1344@shopee.com,2022-06-06 9:08:23,709378,TW_優仕咖啡股份有限公司(Consignment),詳情質檢,
19,V,42525,TTWK000539469,78,11825945978_94170531970,48,11825945978,TTWK000539469,GINTWK0002206060024,Counted,11825945978_94170531970,日本Calbee卡樂比 加卡比盒裝薯條 日本必買 機場必買 日本零食 現貨 蝦皮直送:幸福奶油,48,正常,48,NO,sp1409@shopee.com,2022-06-06 9:07:05,3814-06-16 0:00:00,TW_勇信貿易股份有限公司(Consignment),詳情質檢,詳情質檢
20,V,42525,TTWK000546988,90,11225963690_111418560899,72,11225963690,TTWK000546988,GINTWK0002206060022,Counting,11225963690_111418560899,Maxwell麥斯威爾 3合1/2合1咖啡系列 25包入 無糖2合1/香醇原味/香醇低脂/拿鐵 四款可選 現貨 蝦皮直送:麥斯威爾無糖2合1咖啡,72,正常,0,NO,sp99075@shopee.com,2022-06-06 9:02:49,3814-06-16 0:00:00,TW_勇信貿易股份有限公司(Consignment),詳情計數,詳情計數
21,V,42525,TTWK000546986,21,11425959221_84170822884,80,11425959221,TTWK000546986,GINTWK0002206060032,Counted,11425959221_84170822884,Maxwell 麥斯威爾 MAXIM典藏咖啡環保包(140g) 蝦皮直送:MAXIM典藏咖啡環保包,80,正常,80,NO,sp0923@shopee.com,2022-06-06 9:14:34,699242,TW_勇信貿易股份有限公司(Consignment),詳情質檢,
22,V,42525,TTWK000539468,90,11225963690_111418560899,48,11225963690,TTWK000539468,GINTWK0002206060022,Counting,11225963690_111418560899,Maxwell麥斯威爾 3合1/2合1咖啡系列 25包入 無糖2合1/香醇原味/香醇低脂/拿鐵 四款可選 現貨 蝦皮直送:麥斯威爾無糖2合1咖啡,48,正常,0,NO,sp99075@shopee.com,2022-06-06 9:13:37,699242,TW_勇信貿易股份有限公司(Consignment),詳情計數,詳情計數
23,V,42525,TTWK000562599,49,11525948249_111418207339,33,11525948249,TTWK000562599,GINTWK0002206060013,Counted,11525948249_111418207339,UCC 濾掛式咖啡-炭燒/經典風味/法式深焙 (8gx12入)短效品 蝦皮直送:法式深焙,33,正常,33,NO,sp1344@shopee.com,2022-06-06 9:12:47,709378,TW_優仕咖啡股份有限公司(Consignment),詳情質檢,詳情質檢
24,V,42525,TTWK000546990,78,11825945978_94170531970,192,11825945978,TTWK000546990,GINTWK0002206060024,Counting,11825945978_94170531970,日本Calbee卡樂比 加卡比盒裝薯條 日本必買 機場必買 日本零食 現貨 蝦皮直送:幸福奶油,192,正常,0,NO,sp1409@shopee.com,2022-06-06 9:12:22,699242,TW_勇信貿易股份有限公司(Consignment),詳情計數,詳情計數
25,V,42525,TTWK000539463,49,11525948249_111418207339,27,11525948249,TTWK000539463,GINTWK0002206060013,Counted,11525948249_111418207339,UCC 濾掛式咖啡-炭燒/經典風味/法式深焙 (8gx12入)短效品 蝦皮直送:法式深焙,27,正常,27,NO,sp1344@shopee.com,2022-06-06 9:10:48,709378,TW_優仕咖啡股份有限公司(Consignment),詳情質檢,詳情質檢
26,V,42525,TTWK000562611,32,9689538632_111419010754,10,9689538632,TTWK000562611,GINTWK0002206060009,Counted,9689538632_111419010754,Bone Plus 高鈣雙色綜合 潔牙骨結 小桶裝 700g 狗潔牙 毛孩 現貨 蝦皮直送:S,10,正常,10,NO,sp2907@shopee.com,2022-06-06 9:27:20,777297,TW_台灣邦普仕有限公司(Consignment),詳情質檢,
27,V,42525,TTWK000562610,37,9389543437_101418998406,12,9389543437,TTWK000562610,GINTWK0002206060008,Counted,9389543437_101418998406,Bone Plus起司螺旋六星潔牙棒小桶裝 總重750g 狗潔牙 毛孩 現貨 蝦皮直送:M,12,正常,12,NO,sp2907@shopee.com,2022-06-06 9:26:04,777297,TW_台灣邦普仕有限公司(Consignment),詳情質檢,詳情質檢
29,V,42525,TTWK000562600,42,9289527942_84169587262,23,9289527942,TTWK000562600,GINTWK0002206060026,Counted,9289527942_84169587262,芊柔PLUS升級版 三合一清除腸病毒濕紙巾80抽(3包) 蝦皮直送 現貨:共3包,23,正常,23,NO,sp1344@shopee.com,2022-06-06 9:25:25,1364915,TW_建榮生技股份有限公司(Consignment),詳情質檢,詳情質檢
30,V,42525,TTWK000562603,62,11625855762_94168579129,60,11625855762,TTWK000562603,GINTWK0002206060019,Counting,11625855762_94168579129,Nabati 麗巧克/麗芝士 起司威化餅 巧克力威化餅 起司蛋捲威化 巧克力威化蛋捲 蝦皮直送:巧克力威化餅350g,60,正常,0,NO,sp99075@shopee.com,2022-06-06 9:25:11,699242,TW_勇信貿易股份有限公司(Consignment),詳情計數,詳情計數
31,V,42525,TTWK000562602,75,6797371875_101418975962,12,6797371875,TTWK000562602,GINTWK0002206060014,Counted,6797371875_101418975962,UCC 3合1珈琲 原味/炭燒拿鐵 (12入/盒) 現貨 蝦皮直送: 原味拿鐵,12,正常,12,NO,sp99075@shopee.com,2022-06-06 9:24:31,709378,TW_優仕咖啡股份有限公司(Consignment),詳情質檢,詳情質檢
32,V,42525,TTWK000563250,42,9289527942_84169587262,12,9289527942,TTWK000563250,GINTWK0002206060026,Counted,9289527942_84169587262,芊柔PLUS升級版 三合一清除腸病毒濕紙巾80抽(3包) 蝦皮直送 現貨:共3包,12,正常,12,NO,sp1344@shopee.com,2022-06-06 9:19:37,1364915,TW_建榮生技股份有限公司(Consignment),詳情質檢,詳情質檢
33,V,42525,TTWK000562613,46,10225980946_27217726768,12,10225980946,TTWK000562613,GINTWK0002206060007,Counted,10225980946_27217726768,Bone Plus 超效螺旋六星潔牙棒 小桶裝(600g) S/M/L 三種SIZE 蝦皮直送 現貨:M,12,正常,12,NO,sp2907@shopee.com,2022-06-06 9:32:06,777297,TW_台灣邦普仕有限公司(Consignment),詳情質檢,
34,V,42525,TTWK000563251,45,9289527945_84169587266,12,9289527945,TTWK000563251,GINTWK0002206060025,Counted,9289527945_84169587266,芊柔PLUS三合一濕紙巾 15抽/包(5包)+Qian Rou 純水濕巾 15抽/包 (5包) 蝦皮直送 現貨:共10包,12,正常,12,NO,sp1344@shopee.com,2022-06-06 9:31:22,1364915,TW_建榮生技股份有限公司(Consignment),詳情質檢,詳情質檢
35,V,42525,TTWK000562601,45,9289527945_84169587266,12,9289527945,TTWK000562601,GINTWK0002206060025,Counted,9289527945_84169587266,芊柔PLUS三合一濕紙巾 15抽/包(5包)+Qian Rou 純水濕巾 15抽/包 (5包) 蝦皮直送 現貨:共10包,12,正常,12,NO,sp1344@shopee.com,2022-06-06 9:29:48,1364915,TW_建榮生技股份有限公司(Consignment),詳情質檢,詳情質檢
36,V,42525,TTWK000546993,31,10525969131_111418773356,120,10525969131,TTWK000546993,GINTWK0002206060035,Counting,10525969131_111418773356,無塵氏 酒精抗菌擦拭巾 濕紙巾 80抽 現貨 蝦皮直送,120,正常,0,NO,sp2907@shopee.com,2022-06-06 9:40:00,679012,TW_紳宇實業有限公司(Consignment),詳情計數,
37,V,42525,TTWK000562618,40,11725968840_101418795972,12,11725968840,TTWK000562618,GINTWK0002206060034,Counted,11725968840_101418795972,無塵氏 銀離子抗菌擦拭巾 濕紙巾 80抽 現貨 蝦皮直送,12,正常,12,NO,sp2907@shopee.com,2022-06-06 9:38:46,679012,TW_紳宇實業有限公司(Consignment),詳情質檢,詳情質檢
38,V,42525,TTWK000546991,81,10125900281_66922971641,107,10125900281,TTWK000546991,GINTWK0002206060031,Counting,10125900281_66922971641,芊柔 清除新冠狀病毒濕紙巾 15抽(5包)+Qian Rou 純水濕巾 15抽/包 (5包) 蝦皮直送 現貨:共10包,107,正常,0,NO,sp1344@shopee.com,2022-06-06 9:38:19,1364915,TW_建榮生技股份有限公司(Consignment),詳情計數,詳情計數
39,V,42525,TTWK000563252,81,10125900281_66922971641,12,10125900281,TTWK000563252,GINTWK0002206060031,Counted,10125900281_66922971641,芊柔 清除新冠狀病毒濕紙巾 15抽(5包)+Qian Rou 純水濕巾 15抽/包 (5包) 蝦皮直送 現貨:共10包,12,正常,12,NO,sp1344@shopee.com,2022-06-06 9:38:11,1364915,TW_建榮生技股份有限公司(Consignment),詳情質檢,詳情質檢
40,V,42525,TTWK000562615,62,10625980462_84171148362,36,10625980462,TTWK000562615,GINTWK0002206060028,Counting,10625980462_84171148362,妙管家 集水袋除濕盒/補充包(2款可選) 現貨 蝦皮直送:玫瑰花香-除濕盒x2,36,正常,0,NO,sp1225@shopee.com,2022-06-06 9:37:27,678012,TW_台灣妙管家股份有限公司(Consignment),詳情計數,詳情計數
41,V,42525,TTWK000546992,39,10625950639_111418134306,84,10625950639,TTWK000546992,GINTWK0002206060042,Counting,10625950639_111418134306,妙管家 芳香除濕劑400mlx4 淡雅薰衣草/浪漫玫瑰 現貨 蝦皮直送:玫瑰花香,84,正常,0,NO,sp0923@shopee.com,2022-06-06 9:35:28,678012,TW_台灣妙管家股份有限公司(Consignment),詳情計數,詳情計數
42,V,42525,TTWK000562604,60,10125977460_111419044872,48,10125977460,TTWK000562604,GINTWK0002206060015,Counting,10125977460_111419044872,Nabati 起司/巧克力/花生威化餅(414g) 現貨 蝦皮直送:起司威化餅,48,正常,0,NO,sp99075@shopee.com,2022-06-06 9:34:05,699242,TW_勇信貿易股份有限公司(Consignment),詳情計數,詳情計數
43,V,42525,TTWK000562614,47,11225960647_111418371955,3,11225960647,TTWK000562614,GINTWK0002206060010,Counted,11225960647_111418371955,Armonto鼠兔用磨牙餅乾(多種口味) 現貨 蝦皮直送:紅薯曲奇棒,3,正常,3,NO,sp2907@shopee.com,2022-06-06 9:33:43,777297,TW_台灣邦普仕有限公司(Consignment),詳情質檢,詳情質檢
44,V,42525,TTWK000563262,45,11125949045_56923566932,4,11125949045,TTWK000563262,GINTWK0002206060038,Counted,11125949045_56923566932,"妙管家 浴廁清潔劑 1加侖 現貨 蝦皮直送:1入,一加侖",4,正常,4,NO,sp0923@shopee.com,2022-06-06 9:58:01,678012,TW_台灣妙管家股份有限公司(Consignment),詳情質檢,
45,V,42525,TTWK000546987,78,11825945978_94170531972,516,11825945978,TTWK000546987,GINTWK0002206060027,Counted,11825945978_94170531972,日本Calbee卡樂比 加卡比盒裝薯條 日本必買 機場必買 日本零食 現貨 蝦皮直送:鹽味,516,正常,516,NO,sp0880@shopee.com,2022-06-06 9:53:59,699242,TW_勇信貿易股份有限公司(Consignment),詳情質檢,詳情質檢
46,V,42525,TTWK000562606,60,10125977460_111419044874,36,10125977460,TTWK000562606,GINTWK0002206060017,Counting,10125977460_111419044874,Nabati 起司/巧克力/花生威化餅(414g) 現貨 蝦皮直送:花生威化餅,36,正常,0,NO,sp99075@shopee.com,2022-06-06 9:53:22,699242,TW_勇信貿易股份有限公司(Consignment),詳情計數,詳情計數
47,V,42525,TTWK000562605,34,11725896434_76922995525,60,11725896434,TTWK000562605,GINTWK0002206060016,Counted,11725896434_76922995525,Kid-O 日清三明治餅乾 奶油口味/檸檬口味/巧克力口味 分享包 17gx20 現貨 蝦皮直送 (部分即期):奶油口味,60,正常,60,NO,sp99075@shopee.com,2022-06-06 9:52:38,699242,TW_勇信貿易股份有限公司(Consignment),詳情質檢,詳情質檢
48,V,42525,TTWK000546994,62,10625980462_84171148364,60,10625980462,TTWK000546994,GINTWK0002206060029,Counting,10625980462_84171148364,妙管家 集水袋除濕盒/補充包(2款可選) 現貨 蝦皮直送:玫瑰花香-補充包x3,60,正常,0,NO,sp1225@shopee.com,2022-06-06 9:48:31,678012,TW_台灣妙管家股份有限公司(Consignment),詳情計數,詳情計數
49,V,42525,TTWK000546997,78,10325980378_36923879781,132,10325980378,TTWK000546997,GINTWK0002206060062,Counting,10325980378_36923879781,妙管家 防黴除濕桶600mlx2/補充包600mlx3-浪漫玫瑰 除濕劑 蝦皮直送:補充包600ml*3,132,正常,0,NO,sp1344@shopee.com,2022-06-06 10:11:06,678012,TW_台灣妙管家股份有限公司(Consignment),詳情計數,
50,V,42525,TTWK000563265,78,10325980378_36923879781,12,10325980378,TTWK000563265,GINTWK0002206060062,Counted,10325980378_36923879781,妙管家 防黴除濕桶600mlx2/補充包600mlx3-浪漫玫瑰 除濕劑 蝦皮直送:補充包600ml*3,12,正常,12,NO,sp1344@shopee.com,2022-06-06 10:10:32,678012,TW_台灣妙管家股份有限公司(Consignment),詳情質檢,詳情質檢
51,V,42525,TTWK000562617,78,10325980378_36923863121,48,10325980378,TTWK000562617,GINTWK0002206060030,Counting,10325980378_36923863121,妙管家 防黴除濕桶600mlx2/補充包600mlx3-浪漫玫瑰 除濕劑 蝦皮直送:除濕桶600ml*2,48,正常,0,NO,sp1225@shopee.com,2022-06-06 10:10:22,678012,TW_台灣妙管家股份有限公司(Consignment),詳情計數,詳情計數
52,V,42525,TTWK000562621,99,10525893499_94169492584,24,10525893499,TTWK000562621,GINTWK0002206060054,Counting,10525893499_94169492584,【妙管家】瞬乾洗衣精 防霉抗菌 罐裝1800g 補充包1300g 蝦皮直送 現貨:防霉抗菌補充包,24,正常,0,NO,sp0880@shopee.com,2022-06-06 10:09:48,678012,TW_台灣妙管家股份有限公司(Consignment),詳情計數,詳情計數
53,V,42525,TTWK000563253,69,10325860069_94168579141,60,10325860069,TTWK000563253,GINTWK0002206060020,Counting,10325860069_94168579141,Bourbon北日本 日本餅乾 北海道牛奶 蛋捲 葡萄夾心 巧克力 白巧克力 小麥胚芽 牛奶巧克力蝦皮直送:巧克力小麥胚芽餅乾,60,正常,0,NO,sp99075@shopee.com,2022-06-06 10:07:16,699242,TW_勇信貿易股份有限公司(Consignment),詳情計數,詳情計數
54,V,42525,TTWK000562616,62,10625980462_84171148363,24,10625980462,TTWK000562616,GINTWK0002206060041,Counted,10625980462_84171148363,妙管家 集水袋除濕盒/補充包(2款可選) 現貨 蝦皮直送:薰衣草香-補充包x3,24,正常,24,NO,sp1225@shopee.com,2022-06-06 10:05:15,678012,TW_台灣妙管家股份有限公司(Consignment),詳情質檢,詳情質檢
56,V,42525,TTWK000562620,17,10625947017_101418127967,24,10625947017,TTWK000562620,GINTWK0002206060036,Counted,10625947017_101418127967,妙管家 廚房清潔劑 柑桔油廚房強力清潔劑 噴槍 去污除油 650g 現貨 蝦皮直送,24,正常,24,NO,sp0923@shopee.com,2022-06-06 10:04:02,678012,TW_台灣妙管家股份有限公司(Consignment),詳情質檢,詳情質檢
57,V,42525,TTWK000563263,95,11025946795_36923550419,12,11025946795,TTWK000563263,GINTWK0002206060055,Counted,11025946795_36923550419,妙管家 濃縮洗衣精(薰衣草香)4000g 現貨 蝦皮直送,12,正常,12,NO,sp0880@shopee.com,2022-06-06 10:01:56,678012,TW_台灣妙管家股份有限公司(Consignment),詳情質檢,詳情質檢
58,V,42525,TTWK000546995,56,11025949756_46923593453,120,11025949756,TTWK000546995,GINTWK0002206060040,Counting,11025949756_46923593453,妙管家 超值補充包2000g 洗衣精 現貨 蝦皮直送:濃縮洗衣精(薰衣草),120,正常,0,NO,sp2907@shopee.com,2022-06-06 10:01:05,678012,TW_台灣妙管家股份有限公司(Consignment),詳情計數,詳情計數
59,V,42525,TTWK000562619,16,11225907216_36923180477,6,11225907216,TTWK000562619,GINTWK0002206060037,Counted,11225907216_36923180477,妙管家 地板清潔劑(清心橙香) 高效桔油去油配方 不刺鼻 2000g 現貨 蝦皮直送,6,正常,6,NO,sp0923@shopee.com,2022-06-06 10:00:53,678012,TW_台灣妙管家股份有限公司(Consignment),詳情質檢,詳情質檢
60,V,42525,TTWK000562626,98,13522679298_102910990292,12,13522679298,TTWK000562626,GINTWK0002206060060,Counted,13522679298_102910990292,飛利浦 易省LED 9W 11W 12W 球泡 多款任選 蝦皮直送 現貨:9W黃光,12,正常,12,NO,sp1225@shopee.com,2022-06-06 10:26:58,1724233,TW_萊姆燈飾有限公司(Consignment),詳情質檢,
61,V,42525,TTWK000539477,45,10625950845_101418134507,24,10625950845,TTWK000539477,GINTWK0002206060053,Counting,10625950845_101418134507,妙管家 馬桶自動清潔劑65g X5 薰衣草/薄荷 現貨 蝦皮直送:薰衣草,24,正常,0,NO,sp0880@shopee.com,2022-06-06 10:24:21,678012,TW_台灣妙管家股份有限公司(Consignment),詳情計數,詳情計數
62,V,42525,TTWK000539470,37,11825950737_94170568867,24,11825950737,TTWK000539470,GINTWK0002206060079,Counting,11825950737_94170568867,妙管家 水管疏通劑 18oz 水管疏通 水管清潔 水管堵塞 現貨 蝦皮直送,24,正常,0,NO,sp99075@shopee.com,2022-06-06 10:23:33,678012,TW_台灣妙管家股份有限公司(Consignment),詳情計數,詳情計數
63,V,42525,TTWK000563264,83,7497369883_101415249665,24,7497369883,TTWK000563264,GINTWK0002206060052,Counted,7497369883_101415249665,【妙管家】馬桶自動清潔劑(清新檸檬)65g X5粒 蝦皮直送 現貨:清新檸檬,24,正常,24,NO,sp0880@shopee.com,2022-06-06 10:23:32,678012,TW_台灣妙管家股份有限公司(Consignment),詳情質檢,詳情質檢
64,V,42525,TTWK000563254,72,11625855672_94168579101,36,11625855672,TTWK000563254,GINTWK0002206060018,Counted,11625855672_94168579101,優雅食(原模範生) 中條餅四入分享包(37gx4包) 現貨 蝦皮直送,36,正常,36,NO,sp99075@shopee.com,2022-06-06 10:21:01,699242,TW_勇信貿易股份有限公司(Consignment),詳情質檢,詳情質檢
65,V,42525,TTWK000539476,45,10625950845_101418134508,24,10625950845,TTWK000539476,GINTWK0002206060051,Counted,10625950845_101418134508,妙管家 馬桶自動清潔劑65g X5 薰衣草/薄荷 現貨 蝦皮直送:薄荷,24,正常,24,NO,sp0880@shopee.com,2022-06-06 10:19:18,678012,TW_台灣妙管家股份有限公司(Consignment),詳情質檢,詳情質檢
66,V,42525,TTWK000562622,10,11525950510_46923529691,48,11525950510,TTWK000562622,GINTWK0002206060061,Counted,11525950510_46923529691,妙管家 濃縮洗衣精補充包2000g 現貨 蝦皮直送,48,正常,48,NO,sp0923@shopee.com,2022-06-06 10:19:13,678012,TW_台灣妙管家股份有限公司(Consignment),詳情質檢,詳情質檢
67,V,42525,TTWK000563266,10,11525950510_46923529691,12,11525950510,TTWK000563266,GINTWK0002206060061,Counted,11525950510_46923529691,妙管家 濃縮洗衣精補充包2000g 現貨 蝦皮直送,12,正常,12,NO,sp0923@shopee.com,2022-06-06 10:16:30,678012,TW_台灣妙管家股份有限公司(Consignment),詳情質檢,詳情質檢
68,V,42525,TTWK000546999,27,10125958827_36923671028,360,10125958827,TTWK000546999,GINTWK0002206060093,Counting,10125958827_36923671028,妙管家 抗菌洗手乳 保濕 洗手 茶樹精油配方 1000g / 1加侖 現貨 蝦皮直送:1000g,360,正常,0,NO,sp2907@shopee.com,2022-06-06 10:16:01,678012,TW_台灣妙管家股份有限公司(Consignment),詳情計數,詳情計數
69,V,42525,TTWK000539478,75,11125950775_101418149839,60,11125950775,TTWK000539478,GINTWK0002206060063,Counted,11125950775_101418149839,妙管家 洗衣槽專用清潔劑150g 4袋 現貨 蝦皮直送,60,正常,60,NO,sp1344@shopee.com,2022-06-06 10:43:07,678012,TW_台灣妙管家股份有限公司(Consignment),詳情質檢,
70,V,42525,TTWK000563256,09,11025950909_76923510319,36,11025950909,TTWK000563256,GINTWK0002206060077,Counted,11025950909_76923510319,妙管家 植萃酵素洗潔精補充包1000g 現貨 蝦皮直送,36,正常,36,NO,sp99075@shopee.com,2022-06-06 10:42:54,678012,TW_台灣妙管家股份有限公司(Consignment),詳情質檢,詳情質檢
71,V,42525,TTWK000562630,62,13222686362_121022788242,20,13222686362,TTWK000562630,GINTWK0002206060059,Counting,13222686362_121022788242,舞光LED 10W 12W 16W 燈泡 多款任選 蝦皮直送 現貨:自然光 10W,20,正常,0,NO,sp1225@shopee.com,2022-06-06 10:42:50,1724233,TW_萊姆燈飾有限公司(Consignment),詳情計數,詳情計數
72,V,42525,TTWK000562629,62,13222686362_121022788366,30,13222686362,TTWK000562629,GINTWK0002206060058,Counted,13222686362_121022788366,舞光LED 10W 12W 16W 燈泡 多款任選 蝦皮直送 現貨:自然光 12W,30,正常,30,NO,sp1225@shopee.com,2022-06-06 10:41:38,1724233,TW_萊姆燈飾有限公司(Consignment),詳情質檢,詳情質檢
73,V,42525,TTWK000563255,08,11025950908_76923510318,24,11025950908,TTWK000563255,GINTWK0002206060078,Counted,11025950908_76923510318,妙管家 快速疏通劑 960g 水管疏通 水管清潔 水管堵塞 現貨 蝦皮直送,24,正常,24,NO,sp99075@shopee.com,2022-06-06 10:38:06,678012,TW_台灣妙管家股份有限公司(Consignment),詳情質檢,詳情質檢
74,V,42525,TTWK000562628,68,12542072368_131901266369,12,12542072368,TTWK000562628,GINTWK0002206060072,Counted,12542072368_131901266369,東亞 LED 9W 球泡 燈泡 1入 白光 自然光 黃光 蝦皮直送 現貨:9W晝光色(白光),12,正常,12,NO,sp1225@shopee.com,2022-06-06 10:37:23,1724233,TW_萊姆燈飾有限公司(Consignment),詳情質檢,詳情質檢
75,V,42525,TTWK000563267,98,13522679298_102910990295,12,13522679298,TTWK000563267,GINTWK0002206060071,Counted,13522679298_102910990295,飛利浦 易省LED 9W 11W 12W 球泡 多款任選 蝦皮直送 現貨:12W白光,12,正常,12,NO,sp1225@shopee.com,2022-06-06 10:34:50,1724233,TW_萊姆燈飾有限公司(Consignment),詳情質檢,詳情質檢
76,V,42525,TTWK000546989,37,11825950737_94170568867,72,11825950737,TTWK000546989,GINTWK0002206060079,Counted,11825950737_94170568867,妙管家 水管疏通劑 18oz 水管疏通 水管清潔 水管堵塞 現貨 蝦皮直送,72,正常,72,NO,sp99075@shopee.com,2022-06-06 10:34:37,678012,TW_台灣妙管家股份有限公司(Consignment),詳情質檢,詳情質檢
77,V,42525,TTWK000562627,98,13522679298_102910990294,12,13522679298,TTWK000562627,GINTWK0002206060057,Counted,13522679298_102910990294,飛利浦 易省LED 9W 11W 12W 球泡 多款任選 蝦皮直送 現貨:11W黃光,12,正常,12,NO,sp1225@shopee.com,2022-06-06 10:32:35,1724233,TW_萊姆燈飾有限公司(Consignment),詳情質檢,詳情質檢
79,V,42525,TTWK000547001,56,11025949756_46923593451,240,11025949756,TTWK000547001,GINTWK0002206060117,Counting,11025949756_46923593451,妙管家 超值補充包2000g 洗衣精 現貨 蝦皮直送:抗菌洗衣精,240,正常,0,NO,sp2907@shopee.com,2022-06-06 10:51:37,678012,TW_台灣妙管家股份有限公司(Consignment),詳情計數,詳情計數
80,V,42525,TTWK000547000,56,11025949756_46923593451,24,11025949756,TTWK000547000,GINTWK0002206060117,Counted,11025949756_46923593451,妙管家 超值補充包2000g 洗衣精 現貨 蝦皮直送:抗菌洗衣精,24,正常,24,NO,sp2907@shopee.com,2022-06-06 10:51:26,678012,TW_台灣妙管家股份有限公司(Consignment),詳情質檢,詳情質檢
81,V,42525,TTWK000546998,75,11125950775_101418149839,57,11125950775,TTWK000546998,GINTWK0002206060063,Counted,11125950775_101418149839,妙管家 洗衣槽專用清潔劑150g 4袋 現貨 蝦皮直送,57,正常,57,NO,sp1344@shopee.com,2022-06-06 10:51:13,678012,TW_台灣妙管家股份有限公司(Consignment),詳情質檢,詳情質檢
82,V,42525,TTWK000563268,98,11225907198_101417076383,12,11225907198,TTWK000563268,GINTWK0002206060140,Counted,11225907198_101417076383,妙管家 抗菌洗衣精補充包2000g 現貨 蝦皮直送,12,正常,12,NO,sp2907@shopee.com,2022-06-06 10:48:32,678012,TW_台灣妙管家股份有限公司(Consignment),詳情質檢,詳情質檢
83,V,42525,TTWK000562608,36,11525977036_111419006992,12,11525977036,TTWK000562608,GINTWK0002206060075,Counted,11525977036_111419006992,毛の子殿下 消臭噴霧 寵物空間專用 綠茶沁香 500ml 現貨 蝦皮直送:綠茶沁香,12,正常,12,NO,sp99075@shopee.com,2022-06-06 10:46:55,678012,TW_台灣妙管家股份有限公司(Consignment),詳情質檢,詳情質檢
84,V,42525,TTWK000562607,34,9689541434_76923517478,24,9689541434,TTWK000562607,GINTWK0002206060076,Counted,9689541434_76923517478,妙管家 冰箱消臭炭(冷藏庫專用)冰箱除臭 消臭 冰箱專用 冰箱脫臭除臭專用 300g 現貨 蝦皮直送,24,正常,24,NO,sp99075@shopee.com,2022-06-06 10:45:12,678012,TW_台灣妙管家股份有限公司(Consignment),詳情質檢,詳情質檢
85,V,42525,TWK000547003,21,10325905521_56923121343,108,10325905521,TWK000547003,GINTWK0002206060114,Counted,10325905521_56923121343,妙管家 彩漂新型漂白水補充包2000g 麝香香味/玫瑰花香 漂白 增豔 除菌 現貨 蝦皮直送:玫瑰花香,108,正常,108,NO,sp2907@shopee.com,2022-06-06 11:57:01,678012,TW_台灣妙管家股份有限公司(Consignment),詳情質檢,
86,V,42525,TTWK000563269,21,10325905521_56923121343,12,10325905521,TTWK000563269,GINTWK0002206060114,Counted,10325905521_56923121343,妙管家 彩漂新型漂白水補充包2000g 麝香香味/玫瑰花香 漂白 增豔 除菌 現貨 蝦皮直送:玫瑰花香,12,正常,12,NO,sp2907@shopee.com,2022-06-06 11:41:05,678012,TW_台灣妙管家股份有限公司(Consignment),詳情質檢,詳情質檢
87,V,42525,TTWK000547002,92,5097372892_66923491965,60,5097372892,TTWK000547002,GINTWK0002206060087,Counted,5097372892_66923491965,妙管家 植萃酵素洗潔精3200g 現貨 蝦皮直送,60,正常,60,NO,sp2907@shopee.com,2022-06-06 11:37:17,678012,TW_台灣妙管家股份有限公司(Consignment),詳情質檢,詳情質檢
88,V,42525,TTWK000539479,92,5097372892_66923491965,24,5097372892,TTWK000539479,GINTWK0002206060087,Counted,5097372892_66923491965,妙管家 植萃酵素洗潔精3200g 現貨 蝦皮直送,24,正常,24,NO,sp2907@shopee.com,2022-06-06 11:28:25,678012,TW_台灣妙管家股份有限公司(Consignment),詳情質檢,詳情質檢
89,V,42525,TTWK000547004,50,10425893850_76922975172,12,10425893850,TTWK000547004,GINTWK0002206060006,Counted,10425893850_76922975172,芊柔清除腸病毒濕紙巾15抽x60包/箱 蝦皮直送 現貨:15抽x60包/箱,12,正常,12,NO,patrick.w@shopee.com,2022-06-06 12:11:35,1364915,TW_建榮生技股份有限公司(Consignment),詳情質檢,
90,V,42525,TTWK000547041,29,11625977629_101419052050,2,11625977629,TTWK000547041,GINTWK0002206060089,Counted,11625977629_101419052050,妙管家 彩漂新型漂白水(玫瑰花香)2000g(6入/箱) 現貨 蝦皮直送:2000gx6入,2,正常,2,NO,patrick.w@shopee.com,2022-06-06 13:15:43,678012,TW_台灣妙管家股份有限公司(Consignment),詳情質檢,
91,V,42525,TTWK000547042,46,11225946546_94170536206,4,11225946546,TTWK000547042,GINTWK0002206060088,Counted,11225946546_94170536206,妙管家 強效洗衣粉4.5kg(4入/箱) 現貨 蝦皮直送:4.5kgx4入,4,正常,4,NO,patrick.w@shopee.com,2022-06-06 13:14:22,678012,TW_台灣妙管家股份有限公司(Consignment),詳情質檢,詳情質檢
92,V,42525,TTWK000539480,89,11225947589_101418169254,51,11225947589,TTWK000539480,GINTWK0002206060137,Counted,11225947589_101418169254,妙管家 水垢殺手750g 現貨 蝦皮直送,51,正常,51,NO,sp1409@shopee.com,2022-06-06 13:10:38,678012,TW_台灣妙管家股份有限公司(Consignment),詳情質檢,詳情質檢
93,V,42525,TTWK000547043,54,11525977654_94171177095,3,11525977654,TTWK000547043,GINTWK0002206060046,Counted,11525977654_94171177095,妙管家 去油地板清潔劑(清心橙香)2000g(6入/箱) 現貨 蝦皮直送:2000gx6入,3,正常,3,NO,patrick.w@shopee.com,2022-06-06 13:05:07,678012,TW_台灣妙管家股份有限公司(Consignment),詳情質檢,詳情質檢
94,V,42525,TTWK000546996,27,10125958827_36923671029,208,10125958827,TTWK000546996,GINTWK0002206060138,Counting,10125958827_36923671029,妙管家 抗菌洗手乳 保濕 洗手 茶樹精油配方 1000g / 1加侖 現貨 蝦皮直送:1加侖,208,正常,0,NO,sp2907@shopee.com,2022-06-06 13:03:39,678012,TW_台灣妙管家股份有限公司(Consignment),詳情計數,詳情計數
95,V,42525,TTWK000547022,48,11925948048_94170598247,2,11925948048,TTWK000547022,GINTWK0002206060047,Counted,11925948048_94170598247,妙管家 芳香浴廁清潔劑 1加侖x4入/箱 -薰衣草香 現貨 蝦皮直送:薰衣草香,2,正常,2,NO,patrick.w@shopee.com,2022-06-06 13:01:42,678012,TW_台灣妙管家股份有限公司(Consignment),詳情質檢,詳情質檢
96,V,42525,TTWK000547011,92,9489541292_101418120976,6,9489541292,TTWK000547011,GINTWK0002206060045,Counted,9489541292_101418120976,妙管家 濃縮洗衣精補充包 2000gx6入/箱 箱購 -抗菌/護色/中性薰衣草 蝦皮直送:中性薰衣草,6,正常,6,NO,patrick.w@shopee.com,2022-06-06 12:57:27,678012,TW_台灣妙管家股份有限公司(Consignment),詳情質檢,詳情質檢
97,V,42525,TTWK000547012,45,10525957145_111418383602,10,10525957145,TTWK000547012,GINTWK0002206060064,Counted,10525957145_111418383602,妙管家 抗菌洗手乳 中性 茶樹 箱購 現貨 蝦皮直送:1加侖-4入,10,正常,10,NO,patrick.w@shopee.com,2022-06-06 12:55:40,678012,TW_台灣妙管家股份有限公司(Consignment),詳情質檢,詳情質檢
98,V,42525,TTWK000547021,21,10325905521_56923121342,108,10325905521,TTWK000547021,GINTWK0002206060123,Counted,10325905521_56923121342,妙管家 彩漂新型漂白水補充包2000g 麝香香味/玫瑰花香 漂白 增豔 除菌 現貨 蝦皮直送:麝香香味,108,正常,108,NO,sp1409@shopee.com,2022-06-06 12:54:35,678012,TW_台灣妙管家股份有限公司(Consignment),詳情質檢,詳情質檢
99,V,42525,TTWK000547013,69,10225976869_101418989709,6,10225976869,TTWK000547013,GINTWK0002206060073,Counted,10225976869_101418989709,妙管家 集水袋補充包400ml x36包 箱購 現貨 蝦皮直送:防黴除濕桶補充包600ml36入-玫瑰,6,正常,6,NO,patrick.w@shopee.com,2022-06-06 12:52:55,678012,TW_台灣妙管家股份有限公司(Consignment),詳情質檢,詳情質檢
100,V,42525,TTWK000547014,49,10725977949_56923874973,10,10725977949,TTWK000547014,GINTWK0002206060074,Counted,10725977949_56923874973,妙管家 洗衣槽專用清潔劑150g 4袋(12入/箱) 現貨 蝦皮直送:12入/箱,10,正常,10,NO,patrick.w@shopee.com,2022-06-06 12:51:13,678012,TW_台灣妙管家股份有限公司(Consignment),詳情質檢,詳情質檢
101,V,42525,TTWK000547010,27,9998761027_105818324847,4,9998761027,TTWK000547010,GINTWK0002206060092,Counted,9998761027_105818324847,橘子工坊衣物洗衣精-制菌力99.99%加量補充包_6包組 蝦皮直送:6包組,4,正常,4,NO,patrick.w@shopee.com,2022-06-06 12:49:25,678050,TW_永豐商店股份有限公司(Consignment),詳情質檢,詳情質檢
102,V,42525,TTWK000547007,27,9998761027_105818324847,32,9998761027,TTWK000547007,GINTWK0002206060092,Counted,9998761027_105818324847,橘子工坊衣物洗衣精-制菌力99.99%加量補充包_6包組 蝦皮直送:6包組,32,正常,32,NO,patrick.w@shopee.com,2022-06-06 12:48:43,678050,TW_永豐商店股份有限公司(Consignment),詳情質檢,詳情質檢
103,V,42525,TTWK000547008,27,9998761027_105818324847,32,9998761027,TTWK000547008,GINTWK0002206060092,Counted,9998761027_105818324847,橘子工坊衣物洗衣精-制菌力99.99%加量補充包_6包組 蝦皮直送:6包組,32,正常,32,NO,patrick.w@shopee.com,2022-06-06 12:48:29,678050,TW_永豐商店股份有限公司(Consignment),詳情質檢,詳情質檢
104,V,42525,TTWK000547006,27,9998761027_105818324847,32,9998761027,TTWK000547006,GINTWK0002206060092,Counted,9998761027_105818324847,橘子工坊衣物洗衣精-制菌力99.99%加量補充包_6包組 蝦皮直送:6包組,32,正常,32,NO,patrick.w@shopee.com,2022-06-06 12:48:04,678050,TW_永豐商店股份有限公司(Consignment),詳情質檢,詳情質檢
105,V,42525,TTWK000547015,89,10625947389_101418151858,8,10625947389,TTWK000547015,GINTWK0002206060056,Counted,10625947389_101418151858,妙管家 強效洗衣粉10kg 現貨 蝦皮直送,8,正常,8,NO,patrick.w@shopee.com,2022-06-06 12:44:27,678012,TW_台灣妙管家股份有限公司(Consignment),詳情質檢,詳情質檢
106,V,42525,TTWK000547009,69,10225976869_101418989704,2,10225976869,TTWK000547009,GINTWK0002206060050,Counted,10225976869_101418989704,妙管家 集水袋補充包400ml x36包 箱購 現貨 蝦皮直送:集水袋補充包400ml36入-薰衣草,2,正常,2,NO,patrick.w@shopee.com,2022-06-06 12:41:43,678012,TW_台灣妙管家股份有限公司(Consignment),詳情質檢,詳情質檢
107,V,42525,TTWK000547016,69,10225976869_101418989707,3,10225976869,TTWK000547016,GINTWK0002206060048,Counted,10225976869_101418989707,妙管家 集水袋補充包400ml x36包 箱購 現貨 蝦皮直送:芳香除濕劑400ml24盒-玫瑰,3,正常,3,NO,patrick.w@shopee.com,2022-06-06 12:40:02,678012,TW_台灣妙管家股份有限公司(Consignment),詳情質檢,詳情質檢
108,V,42525,TTWK000563270,21,10325905521_56923121342,12,10325905521,TTWK000563270,GINTWK0002206060123,Counted,10325905521_56923121342,妙管家 彩漂新型漂白水補充包2000g 麝香香味/玫瑰花香 漂白 增豔 除菌 現貨 蝦皮直送:麝香香味,12,正常,12,NO,sp1409@shopee.com,2022-06-06 12:39:45,678012,TW_台灣妙管家股份有限公司(Consignment),詳情質檢,詳情質檢
109,V,42525,TTWK000547017,97,10725977997_84171196344,10,10725977997,TTWK000547017,GINTWK0002206060049,Counted,10725977997_84171196344,妙管家 超強漂白水2000g(6入/箱) 現貨 蝦皮直送:檸檬清香,10,正常,10,NO,patrick.w@shopee.com,2022-06-06 12:37:28,678012,TW_台灣妙管家股份有限公司(Consignment),詳情質檢,詳情質檢
110,V,42525,TTWK000547018,70,10325944870_94170531864,24,10325944870,TTWK000547018,GINTWK0002206060043,Counted,10325944870_94170531864,拭拭樂 (紅色)嬰兒柔濕巾 85抽X24包/箱 蝦皮直送,24,正常,24,NO,patrick.w@shopee.com,2022-06-06 12:35:41,679012,TW_紳宇實業有限公司(Consignment),詳情質檢,詳情質檢
111,V,42525,TTWK000547020,84,10025972484_94170979599,30,10025972484,TTWK000547020,GINTWK0002206060044,Counted,10025972484_94170979599,無塵氏 酒精抗菌擦拭巾 濕紙巾 80抽X12包/箱 現貨 蝦皮直送,30,正常,30,NO,patrick.w@shopee.com,2022-06-06 12:33:27,679012,TW_紳宇實業有限公司(Consignment),詳情質檢,詳情質檢
112,V,42525,TTWK000547019,84,10025972484_94170979599,42,10025972484,TTWK000547019,GINTWK0002206060044,Counted,10025972484_94170979599,無塵氏 酒精抗菌擦拭巾 濕紙巾 80抽X12包/箱 現貨 蝦皮直送,42,正常,42,NO,patrick.w@shopee.com,2022-06-06 12:32:59,679012,TW_紳宇實業有限公司(Consignment),詳情質檢,詳情質檢
113,V,42525,TTWK000547069,15,7297238315_94141330859,195,7297238315,TTWK000547069,GINTWK0002206060169,Counted,7297238315_94141330859,innisfree 我的真萃面膜 20ml 綠茶 my real squeeze mask 官方旗艦店:蘆薈#清爽水感,195,正常,195,NO,sp1225@shopee.com,2022-06-06 14:41:11,766109,TW_愛茉莉太平洋股份有限公司_innisfree(SBS),詳情質檢,
115,V,42525,TTWK000547062,28,11725972728_56923770133,91,11725972728,TTWK000547062,GINTWK0002206060145,Counted,11725972728_56923770133,韓國 orion 好麗友 預感香烤洋芋片 12入 超值量販包 原味/起司/洋蔥 非油炸烘烤 現貨 蝦皮直送:洋蔥,91,正常,91,NO,sp2907@shopee.com,2022-06-06 14:40:48,678069,TW_韓麗國際有限公司(Consignment),詳情質檢,詳情質檢
116,V,42525,TTWK000547051,92,11625859892_84168778567,120,11625859892,TTWK000547051,GINTWK0002206060183,Scanning,11625859892_84168778567,美琪 抗菌洗手慕斯補充瓶 3785ml (原1加侖) 現貨 蝦皮直送,120,正常,120,NO,sp0558@shopee.com,2022-06-06 14:40:33,701025,TW_美琪生技股份有限公司(Consignment),詳情入庫驗收,詳情入庫驗收
118,V,42525,TTWK000547046,27,10125958827_36923671029,208,10125958827,TTWK000547046,GINTWK0002206060138,Scanning,10125958827_36923671029,妙管家 抗菌洗手乳 保濕 洗手 茶樹精油配方 1000g / 1加侖 現貨 蝦皮直送:1加侖,208,正常,208,NO,sp99075@shopee.com,2022-06-06 14:37:33,678012,TW_台灣妙管家股份有限公司(Consignment),詳情入庫驗收,詳情入庫驗收
119,V,42525,TTWK000547064,95,7297249195_27200747889,50,7297249195,TTWK000547064,GINTWK0002206060161,Counting,7297249195_27200747889,ETUDE HOUSE 蘇打粉 極淨毛孔去角質乳 7g/24顆 部分短效 官方旗艦店:贈7gx24,50,正常,0,NO,sp0923@shopee.com,2022-06-06 14:36:41,766108,TW_愛茉莉太平洋股份有限公司_ETUDE HOUSE(SBS),詳情計數,詳情計數
120,V,42525,TTWK000547071,12,19600489412_162448352269,6,19600489412,TTWK000547071,GINTWK0002206060295,Counted,19600489412_162448352269,Kotex 靠得住 茶樹舒涼棉(涼感衛生棉) 日用 23cm 76片/28cm 68片 網路限定小箱購 現貨 蝦皮直送:23cm (10片x4包+18片x2包),6,正常,6,NO,patrick.w@shopee.com,2022-06-06 14:36:34,3181078,TW_雨林新零售股份有限公司_金百利(Consignment),詳情質檢,詳情質檢
121,V,42525,TTWK000539488,15,7297238315_94141330859,55,7297238315,TTWK000539488,GINTWK0002206060169,Counted,7297238315_94141330859,innisfree 我的真萃面膜 20ml 綠茶 my real squeeze mask 官方旗艦店:蘆薈#清爽水感,55,正常,55,NO,sp1225@shopee.com,2022-06-06 14:36:27,766109,TW_愛茉莉太平洋股份有限公司_innisfree(SBS),詳情質檢,詳情質檢
123,V,42525,TTWK000562633,42,8189172842_76905474521,40,8189172842,TTWK000562633,GINTWK0002206060181,Counted,8189172842_76905474521,innisfree 藍莓平衡卸妝水 200ml 藍莓系列 blueberry 官方旗艦店,40,正常,40,NO,sp1225@shopee.com,2022-06-06 14:33:19,766109,TW_愛茉莉太平洋股份有限公司_innisfree(SBS),詳情質檢,詳情質檢
124,V,42525,TTWK000547058,41,11925901241_46923067450,5,11925901241,TTWK000547058,GINTWK0002206060422,Counted,11925901241_46923067450,盛香珍 綜合水果/葡萄/蜜柑/白桃多果實大果凍180gX24杯(箱) 現貨 蝦皮直送:綜合水果,5,正常,5,NO,patrick.w@shopee.com,2022-06-06 14:32:56,709478,TW_成偉食品股份有限公司(Consignment),詳情質檢,詳情質檢
125,V,42525,TTWK000547068,79,8789172579_27200749320,150,8789172579,TTWK000547068,GINTWK0002206060168,Counted,8789172579_27200749320,innisfree 濟州香氛護手霜 30ml:白皚皚的初雪(新裝上市),150,正常,150,NO,sp1225@shopee.com,2022-06-06 14:32:13,766109,TW_愛茉莉太平洋股份有限公司_innisfree(SBS),詳情質檢,詳情質檢
126,V,42525,TTWK000547059,16,11825900416_46923038856,5,11825900416,TTWK000547059,GINTWK0002206060421,Counted,11825900416_46923038856,盛香珍 迷你濃厚花生脆捲 55gx12包(箱) 蝦皮直送 現貨:濃厚花生脆捲,5,正常,5,NO,patrick.w@shopee.com,2022-06-06 14:30:21,709478,TW_成偉食品股份有限公司(Consignment),詳情質檢,詳情質檢
127,V,42525,TTWK000547049,92,11625859892_84168778567,116,11625859892,TTWK000547049,GINTWK0002206060183,Counting,11625859892_84168778567,美琪 抗菌洗手慕斯補充瓶 3785ml (原1加侖) 現貨 蝦皮直送,116,正常,0,NO,sp99068@shopee.com,2022-06-06 14:30:11,701025,TW_美琪生技股份有限公司(Consignment),詳情計數,詳情計數
128,V,42525,TTWK000547050,92,11625859892_84168778567,120,11625859892,TTWK000547050,GINTWK0002206060183,Counted,11625859892_84168778567,美琪 抗菌洗手慕斯補充瓶 3785ml (原1加侖) 現貨 蝦皮直送,120,正常,120,NO,sp99068@shopee.com,2022-06-06 14:30:05,701025,TW_美琪生技股份有限公司(Consignment),詳情質檢,詳情質檢
129,V,42525,TTWK000547057,91,8589525591_111415508318,24,8589525591,TTWK000547057,GINTWK0002206060407,Counted,8589525591_111415508318,黑松 FIN補給飲料 運動飲料 Light 300ml 24入組 現貨 蝦皮直送,24,正常,24,NO,patrick.w@shopee.com,2022-06-06 14:28:28,683934,TW_松佳飲料股份有限公司(Consignment),詳情質檢,詳情質檢
130,V,42525,TTWK000547054,10,10225856910_84168661372,72,10225856910,TTWK000547054,GINTWK0002206060039,Counted,10225856910_84168661372,妙管家 抗菌 洗衣精 4000g 抗菌 濃縮 去汙 防霉 (綠改藍 新包裝) 現貨 蝦皮直送,72,正常,72,NO,sp1225@shopee.com,2022-06-06 14:24:57,678012,TW_台灣妙管家股份有限公司(Consignment),詳情質檢,詳情質檢
132,V,42525,TTWK000539485,28,11725972728_56923770133,64,11725972728,TTWK000539485,GINTWK0002206060145,Counted,11725972728_56923770133,韓國 orion 好麗友 預感香烤洋芋片 12入 超值量販包 原味/起司/洋蔥 非油炸烘烤 現貨 蝦皮直送:洋蔥,64,正常,64,NO,sp2907@shopee.com,2022-06-06 14:20:24,678069,TW_韓麗國際有限公司(Consignment),詳情質檢,詳情質檢
134,V,42525,TTWK000547053,10,10225856910_84168661372,108,10225856910,TTWK000547053,GINTWK0002206060039,Counted,10225856910_84168661372,妙管家 抗菌 洗衣精 4000g 抗菌 濃縮 去汙 防霉 (綠改藍 新包裝) 現貨 蝦皮直送,108,正常,108,NO,sp1225@shopee.com,2022-06-06 14:19:12,678012,TW_台灣妙管家股份有限公司(Consignment),詳情質檢,詳情質檢
136,V,42525,TTWK000547063,09,19700016109_162387722716,10,19700016109,TTWK000547063,GINTWK0002206060292,Counted,19700016109_162387722716,Kotex靠得住 草本抑菌衛生棉 日用/夜用 (23/28/35)cm 網路限定 箱購 現貨 蝦皮直送:28cm 12片x8包,10,正常,10,NO,patrick.w@shopee.com,2022-06-06 14:15:15,3181078,TW_雨林新零售股份有限公司_金百利(Consignment),詳情質檢,詳情質檢
138,V,42525,TTWK000547060,15,13390680715_38728311958,3,13390680715,TTWK000547060,GINTWK0002206060291,Counted,13390680715_38728311958,Kotex 靠得住 太空棉 (輕薄衛生棉) 日用 24cm / 夜用 28cm 箱購 現貨 蝦皮直送:24cm 13片x6包,3,正常,3,NO,patrick.w@shopee.com,2022-06-06 14:11:58,3181078,TW_雨林新零售股份有限公司_金百利(Consignment),詳情質檢,詳情質檢
139,V,42525,TTWK000547048,91,11525896591_111416725385,128,11525896591,TTWK000547048,GINTWK0002206060141,Counted,11525896591_111416725385,韓國 HAITAI脆皮黑森林蛋糕 韓國超夯話題零嘴 追劇必備 蝦皮直送 現貨:112g,128,正常,128,NO,sp2907@shopee.com,2022-06-06 14:11:35,678069,TW_韓麗國際有限公司(Consignment),詳情質檢,詳情質檢
140,V,42525,TTWK000547056,15,13390680715_38728311958,6,13390680715,TTWK000547056,GINTWK0002206060291,Counted,13390680715_38728311958,Kotex 靠得住 太空棉 (輕薄衛生棉) 日用 24cm / 夜用 28cm 箱購 現貨 蝦皮直送:24cm 13片x6包,6,正常,6,NO,patrick.w@shopee.com,2022-06-06 14:11:22,3181078,TW_雨林新零售股份有限公司_金百利(Consignment),詳情質檢,詳情質檢
141,V,42525,TTWK000547055,12,19600489412_162448352270,5,19600489412,TTWK000547055,GINTWK0002206060290,Counted,19600489412_162448352270,Kotex 靠得住 茶樹舒涼棉(涼感衛生棉) 日用 23cm 76片/28cm 68片 網路限定小箱購 現貨 蝦皮直送:28cm (9片x4包+16片x2包),5,正常,5,NO,patrick.w@shopee.com,2022-06-06 14:10:23,3181078,TW_雨林新零售股份有限公司_金百利(Consignment),詳情質檢,詳情質檢
142,V,42525,TTWK000547061,15,13390680715_38728311957,10,13390680715,TTWK000547061,GINTWK0002206060289,Counted,13390680715_38728311957,Kotex 靠得住 太空棉 (輕薄衛生棉) 日用 24cm / 夜用 28cm 箱購 現貨 蝦皮直送:28cm 11片x6包,10,正常,10,NO,patrick.w@shopee.com,2022-06-06 14:09:25,3181078,TW_雨林新零售股份有限公司_金百利(Consignment),詳情質檢,詳情質檢
143,V,42525,TTWK000539484,91,11525896591_111416725385,64,11525896591,TTWK000539484,GINTWK0002206060141,Counted,11525896591_111416725385,韓國 HAITAI脆皮黑森林蛋糕 韓國超夯話題零嘴 追劇必備 蝦皮直送 現貨:112g,64,正常,64,NO,sp2907@shopee.com,2022-06-06 14:09:00,678069,TW_韓麗國際有限公司(Consignment),詳情質檢,詳情質檢
144,V,42525,TTWK000562632,11,13947350211_113794171153,8,13947350211,TTWK000562632,GINTWK0002206060144,Counted,13947350211_113794171153,Goodpokki 4分鐘快煮年糕 微辣/辣味/起司/炸醬 現貨 蝦皮直送 (部分即期):微辣,8,正常,8,NO,sp2907@shopee.com,2022-06-06 14:04:50,678069,TW_韓麗國際有限公司(Consignment),詳情質檢,詳情質檢
145,V,42525,TTWK000547030,53,2989869353_101415244015,36,2989869353,TTWK000547030,GINTWK0002206060115,Counted,2989869353_101415244015,妙管家 抗菌 洗衣精 4000g×4入 抗菌 濃縮 防霉 去污 環保 現貨 蝦皮直送,36,正常,36,NO,patrick.w@shopee.com,2022-06-06 14:04:47,678012,TW_台灣妙管家股份有限公司(Consignment),詳情質檢,詳情質檢
146,V,42525,TTWK000547031,53,2989869353_101415244015,36,2989869353,TTWK000547031,GINTWK0002206060115,Counted,2989869353_101415244015,妙管家 抗菌 洗衣精 4000g×4入 抗菌 濃縮 防霉 去污 環保 現貨 蝦皮直送,36,正常,36,NO,patrick.w@shopee.com,2022-06-06 14:04:21,678012,TW_台灣妙管家股份有限公司(Consignment),詳情質檢,詳情質檢
147,V,42525,TTWK000547032,53,2989869353_101415244015,36,2989869353,TTWK000547032,GINTWK0002206060115,Counted,2989869353_101415244015,妙管家 抗菌 洗衣精 4000g×4入 抗菌 濃縮 防霉 去污 環保 現貨 蝦皮直送,36,正常,36,NO,patrick.w@shopee.com,2022-06-06 14:04:01,678012,TW_台灣妙管家股份有限公司(Consignment),詳情質檢,詳情質檢
148,V,42525,TTWK000547033,53,2989869353_101415244015,36,2989869353,TTWK000547033,GINTWK0002206060115,Counted,2989869353_101415244015,妙管家 抗菌 洗衣精 4000g×4入 抗菌 濃縮 防霉 去污 環保 現貨 蝦皮直送,36,正常,36,NO,patrick.w@shopee.com,2022-06-06 14:03:33,678012,TW_台灣妙管家股份有限公司(Consignment),詳情質檢,詳情質檢
149,V,42525,TTWK000547034,53,2989869353_101415244015,36,2989869353,TTWK000547034,GINTWK0002206060115,Counted,2989869353_101415244015,妙管家 抗菌 洗衣精 4000g×4入 抗菌 濃縮 防霉 去污 環保 現貨 蝦皮直送,36,正常,36,NO,patrick.w@shopee.com,2022-06-06 14:03:10,678012,TW_台灣妙管家股份有限公司(Consignment),詳情質檢,詳情質檢
150,V,42525,TTWK000563271,11,13947350211_113794171153,12,13947350211,TTWK000563271,GINTWK0002206060144,Counted,13947350211_113794171153,Goodpokki 4分鐘快煮年糕 微辣/辣味/起司/炸醬 現貨 蝦皮直送 (部分即期):微辣,12,正常,12,NO,sp2907@shopee.com,2022-06-06 14:02:30,678069,TW_韓麗國際有限公司(Consignment),詳情質檢,詳情質檢
151,V,42525,TTWK000547035,53,2989869353_101415244015,20,2989869353,TTWK000547035,GINTWK0002206060115,Counted,2989869353_101415244015,妙管家 抗菌 洗衣精 4000g×4入 抗菌 濃縮 防霉 去污 環保 現貨 蝦皮直送,20,正常,20,NO,patrick.w@shopee.com,2022-06-06 14:01:34,678012,TW_台灣妙管家股份有限公司(Consignment),詳情質檢,詳情質檢
152,V,42525,TTWK000539483,89,11270230189_95785965738,20,11270230189,TTWK000539483,GINTWK0002206060143,Counted,11270230189_95785965738,海太脆皮蛋糕 巧克力夾心餅口味30gX12入 現貨 蝦皮直送:巧克力夾心餅口味,20,正常,20,NO,sp2907@shopee.com,2022-06-06 14:00:32,678069,TW_韓麗國際有限公司(Consignment),詳情質檢,詳情質檢
153,V,42525,TTWK000562631,11,13947350211_27994432030,18,13947350211,TTWK000562631,GINTWK0002206060142,Counted,13947350211_27994432030,Goodpokki 4分鐘快煮年糕 微辣/辣味/起司/炸醬 現貨 蝦皮直送 (部分即期):起司,18,正常,18,NO,sp2907@shopee.com,2022-06-06 13:55:41,678069,TW_韓麗國際有限公司(Consignment),詳情質檢,詳情質檢
154,V,42525,TTWK000547023,76,2989869376_84168596013,1,2989869376,TTWK000547023,GINTWK0002206060102,Failed,2989869376_84168596013,妙管家 超強漂白水 漂白 洗衣 消毒 殺菌 4000g X 4入/箱 現貨 蝦皮直送,1,Exception,1,NO,sp99078@shopee.com,2022-06-06 13:55:31,678012,TW_台灣妙管家股份有限公司(Consignment),詳情,詳情
155,V,42525,TTWK000547036,20,10325981520_56923853937,2,10325981520,TTWK000547036,GINTWK0002206060134,Counted,10325981520_56923853937,妙管家 水垢殺手750g(12入/箱) 現貨 蝦皮直送:12入/箱,2,正常,2,NO,patrick.w@shopee.com,2022-06-06 13:55:31,678012,TW_台灣妙管家股份有限公司(Consignment),詳情質檢,詳情質檢
156,V,42525,TTWK000547029,18,4197369618_101419064031,3,4197369618,TTWK000547029,GINTWK0002206060133,Counted,4197369618_101419064031,妙管家 衣物柔軟精(淡雅清香)3200ml(4入/箱) 蝦皮直送:4入,3,正常,3,NO,patrick.w@shopee.com,2022-06-06 13:54:42,678012,TW_台灣妙管家股份有限公司(Consignment),詳情質檢,詳情質檢
157,V,42525,TTWK000547037,69,3797409469_101419053235,3,3797409469,TTWK000547037,GINTWK0002206060132,Counted,3797409469_101419053235,妙管家 衣物柔軟精(玫瑰花香)3200cc(4入/箱) 現貨 蝦皮直送:3200ml x4入,3,正常,3,NO,patrick.w@shopee.com,2022-06-06 13:53:36,678012,TW_台灣妙管家股份有限公司(Consignment),詳情質檢,詳情質檢
158,V,42525,TTWK000547028,19,11225859519_56922581619,2,11225859519,TTWK000547028,GINTWK0002206060131,Counted,11225859519_56922581619,妙管家 超值補充包2000g 6入/箱 箱購 衣物柔軟精 現貨 蝦皮直送:衣物柔軟精補充包--玫瑰沐香,2,正常,2,NO,patrick.w@shopee.com,2022-06-06 13:51:54,678012,TW_台灣妙管家股份有限公司(Consignment),詳情質檢,詳情質檢
159,V,42525,TTWK000547027,19,11225859519_56922581620,6,11225859519,TTWK000547027,GINTWK0002206060136,Counted,11225859519_56922581620,妙管家 超值補充包2000g 6入/箱 箱購 衣物柔軟精 現貨 蝦皮直送:衣物柔軟精補充包--淡雅清香,6,正常,6,NO,patrick.w@shopee.com,2022-06-06 13:50:56,678012,TW_台灣妙管家股份有限公司(Consignment),詳情質檢,詳情質檢
160,V,42525,TTWK000547026,92,9489541292_101418120975,2,9489541292,TTWK000547026,GINTWK0002206060116,Counted,9489541292_101418120975,妙管家 濃縮洗衣精補充包 2000gx6入/箱 箱購 -抗菌/護色/中性薰衣草 蝦皮直送:抗菌(紅),2,正常,2,NO,patrick.w@shopee.com,2022-06-06 13:49:27,678012,TW_台灣妙管家股份有限公司(Consignment),詳情質檢,詳情質檢
161,V,42525,TTWK000547024,24,6497367624_36923896008,6,6497367624,TTWK000547024,GINTWK0002206060091,Counted,6497367624_36923896008,妙管家 植萃酵素洗潔精3200gx4入/箱 箱購 蝦皮直送:3200gx4瓶,6,正常,6,NO,patrick.w@shopee.com,2022-06-06 13:47:20,678012,TW_台灣妙管家股份有限公司(Consignment),詳情質檢,詳情質檢
163,V,42525,TTWK000547025,93,10425981593_111419057426,2,10425981593,TTWK000547025,GINTWK0002206060069,Counted,10425981593_111419057426,妙管家 快速疏通劑960g(12入/箱) 現貨 蝦皮直送:12入/箱,2,正常,2,NO,patrick.w@shopee.com,2022-06-06 13:46:14,678012,TW_台灣妙管家股份有限公司(Consignment),詳情質檢,詳情質檢
164,V,42525,TTWK000547038,76,2989869376_84168596013,9,2989869376,TTWK000547038,GINTWK0002206060102,Counted,2989869376_84168596013,妙管家 超強漂白水 漂白 洗衣 消毒 殺菌 4000g X 4入/箱 現貨 蝦皮直送,9,正常,9,NO,patrick.w@shopee.com,2022-06-06 13:40:25,678012,TW_台灣妙管家股份有限公司(Consignment),詳情質檢,詳情質檢
165,V,42525,TTWK000573891,34,11325977734_36923895096,1,11325977734,TTWK000573891,GINTWK0002206060101,Incorrect Reporting,11325977734_36923895096,妙管家 衣領精(噴槍+重裝)660g x2(6入/箱) 現貨 蝦皮直送:660gx2x6入,1,Exception,1,NO,sp99078@shopee.com,2022-06-06 13:37:09,678012,TW_台灣妙管家股份有限公司(Consignment),詳情,詳情
167,V,42525,TTWK000547040,51,10425981551_101419057287,2,10425981551,TTWK000547040,GINTWK0002206060090,Checking,10425981551_101419057287,妙管家 芳香浴廁清潔劑750g(12入/箱) 現貨 蝦皮直送:玫瑰花香,2,正常,2,NO,patrick.w@shopee.com,2022-06-06 13:24:52,678012,TW_台灣妙管家股份有限公司(Consignment),詳情質檢,詳情質檢
168,V,42525,TTWK000547065,94,6797249194_76905413407,100,6797249194,TTWK000547065,GINTWK0002206060155,Checking,6797249194_76905413407,innisfree 濟州島火山泥毛孔調理潔顏泡泡 150ml 官方旗艦店 悅詩風吟:單品,100,正常,100,NO,sp99075@shopee.com,2022-06-06 15:28:37,766109,TW_愛茉莉太平洋股份有限公司_innisfree(SBS),詳情質檢,
170,V,42525,TTWK000547066,07,12468364207_141635736002,100,12468364207,TTWK000547066,GINTWK0002206060156,Counting,12468364207_141635736002,innisfree 濟州紅茶極效修護晶露 145ml:單入,100,正常,0,NO,sp0923@shopee.com,2022-06-06 15:23:04,766109,TW_愛茉莉太平洋股份有限公司_innisfree(SBS),詳情計數,詳情計數
171,V,42525,TTWK000539490,60,11425860860_111415321392,72,11425860860,TTWK000539490,GINTWK0002206060185,Counting,11425860860_111415321392,美琪 抗菌洗手乳補充瓶(1加侖)玫瑰果萃/淨萃青桔 現貨 蝦皮直送:淨萃青桔,72,正常,0,NO,sp2907@shopee.com,2022-06-06 15:21:38,701025,TW_美琪生技股份有限公司(Consignment),詳情計數,詳情計數
172,V,42525,TTWK000547077,02,11625859902_94168778576,60,11625859902,TTWK000547077,GINTWK0002206060184,Counted,11625859902_94168778576,美琪 抗菌洗手慕斯 500ml 正裝 補充瓶 現貨 蝦皮直送:正裝500ml,60,正常,60,NO,sp2907@shopee.com,2022-06-06 15:20:47,701025,TW_美琪生技股份有限公司(Consignment),詳情質檢,詳情質檢
173,V,42525,TTWK000539489,02,11625859902_94168778576,60,11625859902,TTWK000539489,GINTWK0002206060184,Counted,11625859902_94168778576,美琪 抗菌洗手慕斯 500ml 正裝 補充瓶 現貨 蝦皮直送:正裝500ml,60,正常,60,NO,sp2907@shopee.com,2022-06-06 15:15:38,701025,TW_美琪生技股份有限公司(Consignment),詳情質檢,詳情質檢
175,V,42525,TTWK000547076,97,10025981397_111419065803,4,10025981397,TTWK000547076,GINTWK0002206060070,Counted,10025981397_111419065803,妙管家 E護洗潔精 3200g(4入/箱) 蝦皮直送:3200gx4瓶,4,正常,4,NO,patrick.w@shopee.com,2022-06-06 14:53:51,678012,TW_台灣妙管家股份有限公司(Consignment),詳情質檢,詳情質檢
176,V,42525,TTWK000547070,79,8789172579_27200749334,250,8789172579,TTWK000547070,GINTWK0002206060170,Counted,8789172579_27200749334,innisfree 濟州香氛護手霜 30ml:婚禮的花束(新裝上市),250,正常,250,NO,sp1225@shopee.com,2022-06-06 14:52:31,766109,TW_愛茉莉太平洋股份有限公司_innisfree(SBS),詳情質檢,詳情質檢
177,V,42525,TTWK000547075,19,11225859519_56922581621,2,11225859519,TTWK000547075,GINTWK0002206060135,Counted,11225859519_56922581621,妙管家 超值補充包2000g 6入/箱 箱購 衣物柔軟精 現貨 蝦皮直送:衣物柔軟精補充包-果漾清香,2,正常,2,NO,patrick.w@shopee.com,2022-06-06 14:52:10,678012,TW_台灣妙管家股份有限公司(Consignment),詳情質檢,詳情質檢
178,V,42525,TTWK000547074,92,11625859892_84168778567,4,11625859892,TTWK000547074,GINTWK0002206060183,Counted,11625859892_84168778567,美琪 抗菌洗手慕斯補充瓶 3785ml (原1加侖) 現貨 蝦皮直送,4,正常,4,NO,sp99068@shopee.com,2022-06-06 14:47:07,701025,TW_美琪生技股份有限公司(Consignment),詳情質檢,詳情質檢
179,V,42525,TTWK000547072,09,19700016109_162387722717,10,19700016109,TTWK000547072,GINTWK0002206060294,Counted,19700016109_162387722717,Kotex靠得住 草本抑菌衛生棉 日用/夜用 (23/28/35)cm 網路限定 箱購 現貨 蝦皮直送:35cm 8片x8包,10,正常,10,NO,patrick.w@shopee.com,2022-06-06 14:43:52,3181078,TW_雨林新零售股份有限公司_金百利(Consignment),詳情質檢,詳情質檢
180,V,42525,TTWK000547073,09,19700016109_162387722715,10,19700016109,TTWK000547073,GINTWK0002206060293,Counted,19700016109_162387722715,Kotex靠得住 草本抑菌衛生棉 日用/夜用 (23/28/35)cm 網路限定 箱購 現貨 蝦皮直送:23cm 14片x8包,10,正常,10,NO,patrick.w@shopee.com,2022-06-06 14:42:59,3181078,TW_雨林新零售股份有限公司_金百利(Consignment),詳情質檢,詳情質檢
181,V,42525,TTWK000547091,36,17462011436_125569159654,72,17462011436,TTWK000547091,GINTWK0002206060257,Counting,17462011436_125569159654,靠得住 草本抑菌衛生棉 日用/夜用/護墊(19cm/23cm/28cm/35cm/17.5cm)x3包 現貨 蝦皮直送:護墊 17.5cm 24片X2包,72,正常,0,NO,sp2907@shopee.com,2022-06-06 16:29:43,3181078,TW_雨林新零售股份有限公司_金百利(Consignment),詳情計數,
182,V,42525,TTWK000562635,80,17262011080_116498699327,36,17262011080,TTWK000562635,GINTWK0002206060258,Counted,17262011080_116498699327,Kotex 靠得住 冰爽棉(極涼感衛生棉/極涼感護墊) 日/夜用 (23cm/28cm/17.5cm) 現貨 蝦皮直送:護墊 17.5cm 26片,36,正常,36,NO,sp2907@shopee.com,2022-06-06 16:29:07,3181078,TW_雨林新零售股份有限公司_金百利(Consignment),詳情質檢,詳情質檢
183,V,42525,TTWK000563276,80,17262011080_116498699327,18,17262011080,TTWK000563276,GINTWK0002206060258,Counted,17262011080_116498699327,Kotex 靠得住 冰爽棉(極涼感衛生棉/極涼感護墊) 日/夜用 (23cm/28cm/17.5cm) 現貨 蝦皮直送:護墊 17.5cm 26片,18,正常,18,NO,sp2907@shopee.com,2022-06-06 16:25:26,3181078,TW_雨林新零售股份有限公司_金百利(Consignment),詳情質檢,詳情質檢
184,V,42525,TTWK000547090,48,17660812648_172385857490,256,17660812648,TTWK000547090,GINTWK0002206060233,Counting,17660812648_172385857490,Kleenex舒潔 迪士尼三眼怪面紙_袖珍包 10抽x30包/串 現貨 蝦皮直送:袖珍包 10抽x30包,256,正常,0,NO,sp0923@shopee.com,2022-06-06 16:24:26,3181078,TW_雨林新零售股份有限公司_金百利(Consignment),詳情計數,詳情計數
185,V,42525,TTWK000547089,48,17660812648_172385857490,128,17660812648,TTWK000547089,GINTWK0002206060233,Counting,17660812648_172385857490,Kleenex舒潔 迪士尼三眼怪面紙_袖珍包 10抽x30包/串 現貨 蝦皮直送:袖珍包 10抽x30包,128,正常,0,NO,sp1344@shopee.com,2022-06-06 16:22:50,3181078,TW_雨林新零售股份有限公司_金百利(Consignment),詳情計數,詳情計數
186,V,42525,TTWK000547081,59,15481682859_200041721722,120,15481682859,TTWK000547081,GINTWK0002206060232,Scanning,15481682859_200041721722,Kleenex舒潔 VIVA抽取式廚房紙巾 110抽x3包/串 蝦皮直送:110抽x3包/串,120,正常,120,NO,sp0880@shopee.com,2022-06-06 16:22:39,3181078,TW_雨林新零售股份有限公司_金百利(Consignment),詳情入庫驗收,詳情入庫驗收
187,V,42525,TTWK000547087,69,16662011569_162448250751,128,16662011569,TTWK000547087,GINTWK0002206060307,Counting,16662011569_162448250751,Kotex 靠得住 抑菌/晚安好眠褲(褲型衛生棉) M/L 2片/包 現貨 蝦皮直送:抑菌L 2片,128,正常,0,NO,sp99075@shopee.com,2022-06-06 16:21:17,3181078,TW_雨林新零售股份有限公司_金百利(Consignment),詳情計數,詳情計數
189,V,42525,TTWK000547085,36,17462011436_87625084326,ㄓ,17462011436,TTWK000547085,GINTWK0002206060287,Counting,17462011436_87625084326,靠得住 草本抑菌衛生棉 日用/夜用/護墊(19cm/23cm/28cm/35cm/17.5cm)x3包 現貨 蝦皮直送:夜用 28cm 12片x3包,ㄓ,正常,0,NO,sp99062@shopee.com,2022-06-06 16:19:55,3181078,TW_雨林新零售股份有限公司_金百利(Consignment),詳情計數,詳情計數
190,V,42525,TTWK000547082,59,15481682859_200041721722,120,15481682859,TTWK000547082,GINTWK0002206060232,Counted,15481682859_200041721722,Kleenex舒潔 VIVA抽取式廚房紙巾 110抽x3包/串 蝦皮直送:110抽x3包/串,120,正常,120,NO,sp0923@shopee.com,2022-06-06 16:19:02,3181078,TW_雨林新零售股份有限公司_金百利(Consignment),詳情質檢,詳情質檢
191,V,42525,TTWK000547083,59,15481682859_200041721722,120,15481682859,TTWK000547083,GINTWK0002206060232,Counted,15481682859_200041721722,Kleenex舒潔 VIVA抽取式廚房紙巾 110抽x3包/串 蝦皮直送:110抽x3包/串,120,正常,120,NO,sp1409@shopee.com,2022-06-06 16:18:13,3181078,TW_雨林新零售股份有限公司_金百利(Consignment),詳情質檢,詳情質檢
193,V,42525,TTWK000547084,34,16467820034_106641782453,ㄉ,16467820034,TTWK000547084,GINTWK0002206060286,Counting,16467820034_106641782453,Kotex 靠得住 超薄產褥墊 20片/包 現貨 蝦皮直送:20片/包,ㄉ,正常,0,NO,sp0558@shopee.com,2022-06-06 16:10:50,3181078,TW_雨林新零售股份有限公司_金百利(Consignment),詳情計數,詳情計數
194,V,42525,TTWK000547078,59,15481682859_200041721722,120,15481682859,TTWK000547078,GINTWK0002206060232,Counted,15481682859_200041721722,Kleenex舒潔 VIVA抽取式廚房紙巾 110抽x3包/串 蝦皮直送:110抽x3包/串,120,正常,120,NO,sp0923@shopee.com,2022-06-06 16:03:29,3181078,TW_雨林新零售股份有限公司_金百利(Consignment),詳情質檢,詳情質檢
197,V,42525,TTWK000515124,27,9998761027_105818324847,10,9998761027,TTWK000515124,GINTWK0002206060092,Checked,9998761027_105818324847,橘子工坊衣物洗衣精-制菌力99.99%加量補充包_6包組 蝦皮直送:6包組,10,Exception,10,NO,patrick.w@shopee.com,2022-06-06 15:47:15,678050,TW_永豐商店股份有限公司(Consignment),詳情,詳情
199,V,42525,TTWK000547088,36,17462011436_87625084327,80,17462011436,TTWK000547088,GINTWK0002206060305,Counted,17462011436_87625084327,靠得住 草本抑菌衛生棉 日用/夜用/護墊(19cm/23cm/28cm/35cm/17.5cm)x3包 現貨 蝦皮直送:夜用 35cm 8片x3包,80,正常,80,NO,sp99075@shopee.com,2022-06-06 16:44:32,3181078,TW_雨林新零售股份有限公司_金百利(Consignment),詳情質檢,
200,V,42525,TTWK000539492,34,4297369634_94171206855,180,4297369634,TTWK000539492,GINTWK0002206060418,Counting,4297369634_94171206855,盛香珍 豐葵香瓜子桶 焦糖風味/桂圓紅棗風味/全天然原味/烏龍茶風味 現貨 蝦皮直送:焦糖風味(700g),180,正常,0,NO,sp0558@shopee.com,2022-06-06 16:43:16,709478,TW_成偉食品股份有限公司(Consignment),詳情計數,詳情計數
201,V,42525,TTWK000547086,36,17462011436_87625084324,64,17462011436,TTWK000547086,GINTWK0002206060288,Counted,17462011436_87625084324,靠得住 草本抑菌衛生棉 日用/夜用/護墊(19cm/23cm/28cm/35cm/17.5cm)x3包 現貨 蝦皮直送:日用 19cm 13片x3包,64,正常,64,NO,sp99062@shopee.com,2022-06-06 16:41:57,3181078,TW_雨林新零售股份有限公司_金百利(Consignment),詳情質檢,詳情質檢
202,V,42525,TTWK000563278,80,17262011080_106498797387,18,17262011080,TTWK000563278,GINTWK0002206060256,Counted,17262011080_106498797387,Kotex 靠得住 冰爽棉(極涼感衛生棉/極涼感護墊) 日/夜用 (23cm/28cm/17.5cm) 現貨 蝦皮直送:日用 23cm 17片,18,正常,18,NO,sp2907@shopee.com,2022-06-06 16:41:51,3181078,TW_雨林新零售股份有限公司_金百利(Consignment),詳情質檢,詳情質檢
203,V,42525,TTWK000547099,42,10925837042_94168079342,144,10925837042,TTWK000547099,GINTWK0002206060406,Scanning,10925837042_94168079342,黑松 FIN補給飲料 運動飲料 580ml 4入組 現貨 蝦皮直送,144,正常,144,NO,sp99075@shopee.com,2022-06-06 17:41:13,683934,TW_松佳飲料股份有限公司(Consignment),詳情入庫驗收,
204,V,42525,TTWK000563286,04,11425947504_27217451085,12,11425947504,TTWK000563286,GINTWK0002206060105,Counted,11425947504_27217451085,妙管家 噴霧式芳香劑300ml 薰衣草香/玫瑰花香/檸檬清香 現貨 蝦皮直送:浪漫玫瑰,12,正常,12,NO,sp2907@shopee.com,2022-06-06 17:40:53,678012,TW_台灣妙管家股份有限公司(Consignment),詳情質檢,詳情質檢
205,V,42525,TTWK000563283,34,9789541434_111418182624,12,9789541434,TTWK000563283,GINTWK0002206060082,Counting,9789541434_111418182624,妙管家 超強漂白水 漂白 洗衣 消毒 殺菌皆適用 2000g(無味/ 檸檬清香) 現貨 蝦皮直送:檸檬清香,12,正常,0,NO,sp1344@shopee.com,2022-06-06 17:40:39,678012,TW_台灣妙管家股份有限公司(Consignment),詳情計數,詳情計數
206,V,42525,TTWK000499740,39,6597238339_56905453542,161,6597238339,TTWK000499740,GINTWK0002206060430,Scanning,6597238339_56905453542,innisfree 綠茶保濕潔顏泡泡 150ml 綠茶系列,161,正常,161,NO,sp0880@shopee.com,2022-06-06 17:40:23,766109,TW_愛茉莉太平洋股份有限公司_innisfree(SBS),詳情入庫驗收,詳情入庫驗收
207,V,42525,TTWK000539495,40,10825903740_101416926268,12,10825903740,TTWK000539495,GINTWK0002206060438,Counting,10825903740_101416926268,妙管家 浴室清潔劑噴槍650g 現貨 蝦皮直送,12,正常,0,NO,sp0923@shopee.com,2022-06-06 17:39:55,678012,TW_台灣妙管家股份有限公司(Consignment),詳情計數,詳情計數
208,V,42525,TTWK000562646,08,10725951708_94170604140,6,10725951708,TTWK000562646,GINTWK0002206060083,Counted,10725951708_94170604140,妙管家 濃縮洗衣精補充包(薰衣草香)2000g 現貨 蝦皮直送,6,正常,6,NO,sp1344@shopee.com,2022-06-06 17:39:38,678012,TW_台灣妙管家股份有限公司(Consignment),詳情質檢,詳情質檢
209,V,42525,TTWK000562650,04,11425947504_27217451085,12,11425947504,TTWK000562650,GINTWK0002206060105,Counted,11425947504_27217451085,妙管家 噴霧式芳香劑300ml 薰衣草香/玫瑰花香/檸檬清香 現貨 蝦皮直送:浪漫玫瑰,12,正常,12,NO,sp2907@shopee.com,2022-06-06 17:39:37,678012,TW_台灣妙管家股份有限公司(Consignment),詳情質檢,詳情質檢
210,V,42525,TTWK000563282,08,10725951708_94170604140,12,10725951708,TTWK000563282,GINTWK0002206060083,Counted,10725951708_94170604140,妙管家 濃縮洗衣精補充包(薰衣草香)2000g 現貨 蝦皮直送,12,正常,12,NO,sp1344@shopee.com,2022-06-06 17:39:17,678012,TW_台灣妙管家股份有限公司(Consignment),詳情質檢,詳情質檢
211,V,42525,TTWK000547100,95,21200015995_125533685942,96,21200015995,TTWK000547100,GINTWK0002206060300,Scanning,21200015995_125533685942,Kotex靠得住 完美封漏 長夜抑菌 夜用衛生棉_棉柔系列 (28cm/35cm/41cm) 現貨 蝦皮直送:41cm 8片x2包,96,正常,96,NO,patrick.w@shopee.com,2022-06-06 17:39:13,3181078,TW_雨林新零售股份有限公司_金百利(Consignment),詳情入庫驗收,詳情入庫驗收
212,V,42525,TTWK000562649,31,11625950731_101418151786,12,11625950731,TTWK000562649,GINTWK0002206060106,Counted,11625950731_101418151786,妙管家 酸性浴廁清潔劑 廁所清潔劑 (杏仁香味) 720gx2 現貨 蝦皮直送,12,正常,12,NO,sp2907@shopee.com,2022-06-06 17:37:45,678012,TW_台灣妙管家股份有限公司(Consignment),詳情質檢,詳情質檢
215,V,42525,TTWK000562645,80,10325939680_84170479345,8,10325939680,TTWK000562645,GINTWK0002206060084,Counted,10325939680_84170479345,"妙管家 玻璃亮光清潔劑 1加侖 現貨 蝦皮直送:1入,一加侖",8,正常,8,NO,sp1344@shopee.com,2022-06-06 17:36:19,678012,TW_台灣妙管家股份有限公司(Consignment),詳情質檢,詳情質檢
218,V,42525,TTWK000563285,31,11625950731_101418151786,12,11625950731,TTWK000563285,GINTWK0002206060106,Counted,11625950731_101418151786,妙管家 酸性浴廁清潔劑 廁所清潔劑 (杏仁香味) 720gx2 現貨 蝦皮直送,12,正常,12,NO,sp2907@shopee.com,2022-06-06 17:35:35,678012,TW_台灣妙管家股份有限公司(Consignment),詳情質檢,詳情質檢
220,V,42525,TTWK000562644,99,11825950899_84170569035,6,11825950899,TTWK000562644,GINTWK0002206060085,Counted,11825950899_84170569035,妙管家 除臭地板清潔劑(浴廁地板專用)2000g 現貨 蝦皮直送,6,正常,6,NO,sp1344@shopee.com,2022-06-06 17:33:55,678012,TW_台灣妙管家股份有限公司(Consignment),詳情質檢,詳情質檢
222,V,42525,TTWK000562643,64,10225947164_94170566977,12,10225947164,TTWK000562643,GINTWK0002206060080,Counted,10225947164_94170566977,妙管家 玻璃亮光清潔劑重裝 玻璃清潔劑強力 家用擦窗噴霧液 窗戶清洗劑 650g 現貨 蝦皮直送,12,正常,12,NO,sp1344@shopee.com,2022-06-06 17:32:07,678012,TW_台灣妙管家股份有限公司(Consignment),詳情質檢,詳情質檢
224,V,42525,TTWK000562639,12,11225858412_111415460204,4,11225858412,TTWK000562639,GINTWK0002206060424,Checked,11225858412_111415460204,盛香珍 霸果實果凍系列 300gX6杯入 現貨 蝦皮直送:綜合果凍(櫻桃+鳳梨+白桃+蜜柑),4,正常,4,NO,sp0923@shopee.com,2022-06-06 17:31:48,709478,TW_成偉食品股份有限公司(Consignment),詳情入庫驗收,詳情入庫驗收
225,V,42525,TTWK000562648,64,11725976564_94171145364,12,11725976564,TTWK000562648,GINTWK0002206060108,Counted,11725976564_94171145364,妙管家 消臭液 (自然芳香/甜美馨香/雅致清香) 400ml 現貨 蝦皮直送:自然芳香,12,正常,12,NO,sp2907@shopee.com,2022-06-06 17:31:15,678012,TW_台灣妙管家股份有限公司(Consignment),詳情質檢,詳情質檢
227,V,42525,TTWK000562640,12,11225858412_111415460203,4,11225858412,TTWK000562640,GINTWK0002206060423,Checked,11225858412_111415460203,盛香珍 霸果實果凍系列 300gX6杯入 現貨 蝦皮直送:白桃鮮果凍,4,正常,4,NO,sp0923@shopee.com,2022-06-06 17:29:50,709478,TW_成偉食品股份有限公司(Consignment),詳情入庫驗收,詳情入庫驗收
228,V,42525,TTWK000562647,04,11425947504_27217451086,12,11425947504,TTWK000562647,GINTWK0002206060107,Counted,11425947504_27217451086,妙管家 噴霧式芳香劑300ml 薰衣草香/玫瑰花香/檸檬清香 現貨 蝦皮直送:清新檸檬,12,正常,12,NO,sp2907@shopee.com,2022-06-06 17:29:50,678012,TW_台灣妙管家股份有限公司(Consignment),詳情質檢,詳情質檢
229,V,42525,TTWK000562642,99,10525893499_94169492585,12,10525893499,TTWK000562642,GINTWK0002206060081,Counted,10525893499_94169492585,【妙管家】瞬乾洗衣精 防霉抗菌 罐裝1800g 補充包1300g 蝦皮直送 現貨:防霉抗菌罐裝,12,正常,12,NO,sp1344@shopee.com,2022-06-06 17:29:44,678012,TW_台灣妙管家股份有限公司(Consignment),詳情質檢,詳情質檢
230,V,42525,TTWK000563284,04,11425947504_27217451086,12,11425947504,TTWK000563284,GINTWK0002206060107,Counted,11425947504_27217451086,妙管家 噴霧式芳香劑300ml 薰衣草香/玫瑰花香/檸檬清香 現貨 蝦皮直送:清新檸檬,12,正常,12,NO,sp2907@shopee.com,2022-06-06 17:28:38,678012,TW_台灣妙管家股份有限公司(Consignment),詳情質檢,詳情質檢
231,V,42525,TTWK000563281,99,10525893499_94169492585,12,10525893499,TTWK000563281,GINTWK0002206060081,Counted,10525893499_94169492585,【妙管家】瞬乾洗衣精 防霉抗菌 罐裝1800g 補充包1300g 蝦皮直送 現貨:防霉抗菌罐裝,12,正常,12,NO,sp1344@shopee.com,2022-06-06 17:28:20,678012,TW_台灣妙管家股份有限公司(Consignment),詳情質檢,詳情質檢
233,V,42525,TTWK000562641,11,10625946811_27217426323,24,10625946811,TTWK000562641,GINTWK0002206060086,Counted,10625946811_27217426323,妙管家 木質地板清潔劑1000g 現貨 蝦皮直送,24,正常,24,NO,sp1344@shopee.com,2022-06-06 17:25:48,678012,TW_台灣妙管家股份有限公司(Consignment),詳情質檢,詳情質檢
241,V,42525,TTWK000547103,62,10925977962_36923898582,60,10925977962,TTWK000547103,GINTWK0002206060148,Counted,10925977962_36923898582,日本House 好侍 佛蒙特咖哩(230g) 甜味/中辣/辣味 現貨 蝦皮直送:甜味230g,60,正常,60,NO,sp1225@shopee.com,2022-06-06 17:57:12,749566,TW_天廚國際股份有限公司(Consignment),詳情質檢,
242,V,42525,TTWK000563273,39,8589154739_27200748569,50,8589154739,TTWK000563273,GINTWK0002206060172,Counting,8589154739_27200748569,innisfree 濟州櫻花果凍潔顏泡泡 150g 官方旗艦店:單品,50,正常,0,NO,sp99075@shopee.com,2022-06-06 17:56:27,766109,TW_愛茉莉太平洋股份有限公司_innisfree(SBS),詳情計數,詳情計數
243,V,42525,TTWK000562662,87,11225947587_101418169239,6,11225947587,TTWK000562662,GINTWK0002206060128,Counted,11225947587_101418169239,妙管家 衣物柔軟精補充包2000cc 淡雅清香/果漾清香/玫瑰花香 現貨 蝦皮直送:果漾清香,6,正常,6,NO,sp1344@shopee.com,2022-06-06 17:55:46,678012,TW_台灣妙管家股份有限公司(Consignment),詳情質檢,詳情質檢
244,V,42525,TTWK000547101,61,3088052061_76923508679,60,3088052061,TTWK000547101,GINTWK0002206060103,Checking,3088052061_76923508679,妙管家 衣物殺菌液(松木清香)1000g 現貨 蝦皮直送,60,正常,60,NO,sp0923@shopee.com,2022-06-06 17:54:58,678012,TW_台灣妙管家股份有限公司(Consignment),詳情質檢,詳情質檢
245,V,42525,TTWK000547104,13,10346600313_130251446576,84,10346600313,TTWK000547104,GINTWK0002206060120,Counting,10346600313_130251446576,韓國本粥 經典熱銷粥品/甜粥(300g) 韓國超過千家知名連鎖粥品店推出 蝦皮直送 現貨 (部分即期):Kimchi章魚粥(300g),84,正常,0,NO,sp2907@shopee.com,2022-06-06 17:53:59,678069,TW_韓麗國際有限公司(Consignment),詳情計數,詳情計數
246,V,42525,TTWK000563301,13,10346600313_130251446576,12,10346600313,TTWK000563301,GINTWK0002206060120,Counted,10346600313_130251446576,韓國本粥 經典熱銷粥品/甜粥(300g) 韓國超過千家知名連鎖粥品店推出 蝦皮直送 現貨 (部分即期):Kimchi章魚粥(300g),12,正常,12,NO,sp2907@shopee.com,2022-06-06 17:53:48,678069,TW_韓麗國際有限公司(Consignment),詳情質檢,詳情質檢
247,V,42525,TTWK000563292,81,11325950681_84170567468,12,11325950681,TTWK000563292,GINTWK0002206060065,Counted,11325950681_84170567468,妙管家 植萃酵素洗潔精重裝1000+1000g 現貨 蝦皮直送,12,正常,12,NO,sp1409@shopee.com,2022-06-06 17:52:12,678012,TW_台灣妙管家股份有限公司(Consignment),詳情質檢,詳情質檢
248,V,42525,TTWK000563296,07,9589536707_94170604134,8,9589536707,TTWK000563296,GINTWK0002206060129,Counted,9589536707_94170604134,妙管家 衣物柔軟精3200ml 現貨 蝦皮直送:玫瑰花香,8,正常,8,NO,sp1344@shopee.com,2022-06-06 17:52:11,678012,TW_台灣妙管家股份有限公司(Consignment),詳情質檢,詳情質檢
249,V,42525,TTWK000563288,61,3088052061_76923508679,11,3088052061,TTWK000563288,GINTWK0002206060103,Counted,3088052061_76923508679,妙管家 衣物殺菌液(松木清香)1000g 現貨 蝦皮直送,11,正常,11,NO,sp0923@shopee.com,2022-06-06 17:51:20,678012,TW_台灣妙管家股份有限公司(Consignment),詳情質檢,詳情質檢
250,V,42525,TTWK000562661,87,11225947587_101418169238,6,11225947587,TTWK000562661,GINTWK0002206060130,Counted,11225947587_101418169238,妙管家 衣物柔軟精補充包2000cc 淡雅清香/果漾清香/玫瑰花香 現貨 蝦皮直送:淡雅清香,6,正常,6,NO,sp1344@shopee.com,2022-06-06 17:48:14,678012,TW_台灣妙管家股份有限公司(Consignment),詳情質檢,詳情質檢
251,V,42525,TTWK000562654,56,10925836956_101414486618,24,10925836956,TTWK000562654,GINTWK0002206060104,Counted,10925836956_101414486618,妙管家 E護洗潔精 3200g/罐 現貨 蝦皮直送,24,正常,24,NO,sp0923@shopee.com,2022-06-06 17:48:06,678012,TW_台灣妙管家股份有限公司(Consignment),詳情質檢,詳情質檢
252,V,42525,TTWK000562653,04,11425947504_27217451084,24,11425947504,TTWK000562653,GINTWK0002206060122,Counted,11425947504_27217451084,妙管家 噴霧式芳香劑300ml 薰衣草香/玫瑰花香/檸檬清香 現貨 蝦皮直送:淡雅薰衣草,24,正常,24,NO,sp2907@shopee.com,2022-06-06 17:47:34,678012,TW_台灣妙管家股份有限公司(Consignment),詳情質檢,詳情質檢
253,V,42525,TTWK000563291,56,11925840956_46922258787,6,11925840956,TTWK000563291,GINTWK0002206060066,Counted,11925840956_46922258787,妙管家 E護洗潔精組 洗碗精 1000g+1000g 現貨 蝦皮直送,6,正常,6,NO,sp1409@shopee.com,2022-06-06 17:47:24,678012,TW_台灣妙管家股份有限公司(Consignment),詳情質檢,詳情質檢
254,V,42525,TTWK000562655,01,8689541401_111418153796,12,8689541401,TTWK000562655,GINTWK0002206060067,Counted,8689541401_111418153796,妙管家 植萃酵素洗潔精1000g 現貨 蝦皮直送,12,正常,12,NO,sp1409@shopee.com,2022-06-06 17:45:58,678012,TW_台灣妙管家股份有限公司(Consignment),詳情質檢,詳情質檢
255,V,42525,TTWK000563290,01,8689541401_111418153796,12,8689541401,TTWK000563290,GINTWK0002206060067,Counted,8689541401_111418153796,妙管家 植萃酵素洗潔精1000g 現貨 蝦皮直送,12,正常,12,NO,sp1409@shopee.com,2022-06-06 17:45:11,678012,TW_台灣妙管家股份有限公司(Consignment),詳情質檢,詳情質檢
256,V,42525,TTWK000562652,27,15201579727_95912391937,4,15201579727,TTWK000562652,GINTWK0002206060121,Counted,15201579727_95912391937,【妙管家】強效浴廁清潔劑(一加侖) 蝦皮直送 現貨:強效浴廁清潔劑(一加侖),4,正常,4,NO,sp2907@shopee.com,2022-06-06 17:44:55,678012,TW_台灣妙管家股份有限公司(Consignment),詳情質檢,詳情質檢
257,V,42525,TTWK000562657,14,11525950314_94170556073,4,11525950314,TTWK000562657,GINTWK0002206060099,Counted,11525950314_94170556073,妙管家 強效洗衣粉4.5kg 洗衣 抗菌 制菌 強效 現貨 蝦皮直送,4,正常,4,NO,sp99062@shopee.com,2022-06-06 17:44:11,678012,TW_台灣妙管家股份有限公司(Consignment),詳情質檢,詳情質檢
258,V,42525,TTWK000562651,97,10625980497_101418989659,12,10625980497,TTWK000562651,GINTWK0002206060110,Counted,10625980497_101418989659,妙管家 液體香水 (檸檬/玫瑰/薰衣草) 400ml 現貨 蝦皮直送:淡雅薰衣草,12,正常,12,NO,sp2907@shopee.com,2022-06-06 17:43:36,678012,TW_台灣妙管家股份有限公司(Consignment),詳情質檢,詳情質檢
259,V,42525,TTWK000563287,97,10625980497_101418989657,12,10625980497,TTWK000563287,GINTWK0002206060109,Counted,10625980497_101418989657,妙管家 液體香水 (檸檬/玫瑰/薰衣草) 400ml 現貨 蝦皮直送:清新檸檬,12,正常,12,NO,sp2907@shopee.com,2022-06-06 17:42:29,678012,TW_台灣妙管家股份有限公司(Consignment),詳情質檢,詳情質檢
260,V,42525,TTWK000563289,78,11325947178_111418153755,12,11325947178,TTWK000563289,GINTWK0002206060068,Counted,11325947178_111418153755,妙管家 椰子油洗碗精 洗潔精1000g 洗碗 碗盤清潔 去油 溫和 不傷手 現貨 蝦皮直送,12,正常,12,NO,sp1409@shopee.com,2022-06-06 17:42:29,678012,TW_台灣妙管家股份有限公司(Consignment),詳情質檢,詳情質檢
261,V,42525,TTWK000563306,45,10125910145_111417027388,4,10125910145,TTWK000563306,GINTWK0002206060174,Counted,10125910145_111417027388,臭味滾 寵物專用無香除臭乾洗粉 天然萃取 100g 除臭 寵物用品 現貨 蝦皮直送:無香除臭乾洗粉100g,4,正常,4,NO,sp0923@shopee.com,2022-06-06 18:09:56,691950,TW_艾穎實業有限公司(Consignment),詳情質檢,
262,V,42525,TTWK000562663,40,10025897940_76923013544,4,10025897940,TTWK000562663,GINTWK0002206060124,Counted,10025897940_76923013544,妙管家 超能植萃洗衣皂 適用寶寶及貼身衣物 220g (3入/組) 現貨 蝦皮直送:3入,4,正常,4,NO,sp1344@shopee.com,2022-06-06 18:09:52,678012,TW_台灣妙管家股份有限公司(Consignment),詳情質檢,詳情質檢
263,V,42525,TTWK000547102,62,10925977962_36923898583,60,10925977962,TTWK000547102,GINTWK0002206060149,Counting,10925977962_36923898583,日本House 好侍 佛蒙特咖哩(230g) 甜味/中辣/辣味 現貨 蝦皮直送:中辣230g,60,正常,0,NO,sp1225@shopee.com,2022-06-06 18:09:44,749566,TW_天廚國際股份有限公司(Consignment),詳情計數,詳情計數
264,V,42525,TTWK000562659,32,10225947232_111418149794,6,10225947232,TTWK000562659,GINTWK0002206060096,Counting,10225947232_111418149794,妙管家 彩漂新型漂白水2000g(麝香/玫瑰花香) 現貨 蝦皮直送:麝香,6,正常,0,NO,sp99062@shopee.com,2022-06-06 18:09:36,678012,TW_台灣妙管家股份有限公司(Consignment),詳情計數,詳情計數
265,V,42525,TTWK000563295,32,10225947232_111418149794,12,10225947232,TTWK000563295,GINTWK0002206060096,Counted,10225947232_111418149794,妙管家 彩漂新型漂白水2000g(麝香/玫瑰花香) 現貨 蝦皮直送:麝香,12,正常,12,NO,sp99062@shopee.com,2022-06-06 18:08:59,678012,TW_台灣妙管家股份有限公司(Consignment),詳情質檢,詳情質檢
266,V,42525,TTWK000563298,40,10025897940_76923013544,12,10025897940,TTWK000563298,GINTWK0002206060124,Counted,10025897940_76923013544,妙管家 超能植萃洗衣皂 適用寶寶及貼身衣物 220g (3入/組) 現貨 蝦皮直送:3入,12,正常,12,NO,sp1344@shopee.com,2022-06-06 18:08:19,678012,TW_台灣妙管家股份有限公司(Consignment),詳情質檢,詳情質檢
267,V,42525,TTWK000563303,13,10346600313_130251446577,12,10346600313,TTWK000563303,GINTWK0002206060119,Counting,10346600313_130251446577,韓國本粥 經典熱銷粥品/甜粥(300g) 韓國超過千家知名連鎖粥品店推出 蝦皮直送 現貨 (部分即期):鮑魚香菇粥(300g),12,正常,0,NO,sp2907@shopee.com,2022-06-06 18:07:32,678069,TW_韓麗國際有限公司(Consignment),詳情計數,詳情計數
268,V,42525,TTWK000547105,13,10346600313_47242805236,84,10346600313,TTWK000547105,GINTWK0002206060151,Counted,10346600313_47242805236,韓國本粥 經典熱銷粥品/甜粥(300g) 韓國超過千家知名連鎖粥品店推出 蝦皮直送 現貨 (部分即期):炒瑪海鮮粥(300g),84,正常,84,NO,sp2907@shopee.com,2022-06-06 18:06:51,678069,TW_韓麗國際有限公司(Consignment),詳情質檢,詳情質檢
269,V,42525,TTWK000563307,15,7297238315_94141330855,200,7297238315,TTWK000563307,GINTWK0002206060173,Counting,7297238315_94141330855,innisfree 我的真萃面膜 20ml 綠茶 my real squeeze mask 官方旗艦店:萊姆#嫩白透明,200,正常,0,NO,sp99075@shopee.com,2022-06-06 18:06:10,766109,TW_愛茉莉太平洋股份有限公司_innisfree(SBS),詳情計數,詳情計數
270,V,42525,TTWK000563305,16,10825837416_160398891736,5,10825837416,TTWK000563305,GINTWK0002206060177,Counted,10825837416_160398891736,臭味滾 布類洗潔液 1000/4000ml 清潔乾淨 寵物用品 現貨 蝦皮直送:4000ml,5,正常,5,NO,sp0923@shopee.com,2022-06-06 18:06:00,691950,TW_艾穎實業有限公司(Consignment),詳情質檢,詳情質檢
271,V,42525,TTWK000562660,62,10925977962_36923898584,30,10925977962,TTWK000562660,GINTWK0002206060147,Counted,10925977962_36923898584,日本House 好侍 佛蒙特咖哩(230g) 甜味/中辣/辣味 現貨 蝦皮直送:辣味230g,30,正常,30,NO,sp1225@shopee.com,2022-06-06 18:05:33,749566,TW_天廚國際股份有限公司(Consignment),詳情質檢,詳情質檢
272,V,42525,TTWK000563294,32,10225947232_111418149795,12,10225947232,TTWK000563294,GINTWK0002206060100,Counted,10225947232_111418149795,妙管家 彩漂新型漂白水2000g(麝香/玫瑰花香) 現貨 蝦皮直送:玫瑰花香,12,正常,12,NO,sp99062@shopee.com,2022-06-06 18:05:06,678012,TW_台灣妙管家股份有限公司(Consignment),詳情質檢,詳情質檢
273,V,42525,TTWK000563275,39,8589154739_27200748569,20,8589154739,TTWK000563275,GINTWK0002206060160,Counted,8589154739_27200748569,innisfree 濟州櫻花果凍潔顏泡泡 150g 官方旗艦店:單品,20,正常,20,NO,sp99075@shopee.com,2022-06-06 18:04:11,766109,TW_愛茉莉太平洋股份有限公司_innisfree(SBS),詳情質檢,詳情質檢
274,V,42525,TTWK000562665,16,10825837416_160398891735,5,10825837416,TTWK000562665,GINTWK0002206060176,Counted,10825837416_160398891735,臭味滾 布類洗潔液 1000/4000ml 清潔乾淨 寵物用品 現貨 蝦皮直送:1000ml,5,正常,5,NO,sp0923@shopee.com,2022-06-06 18:03:24,691950,TW_艾穎實業有限公司(Consignment),詳情質檢,詳情質檢
275,V,42525,TTWK000563274,79,8789172579_27200749335,50,8789172579,TTWK000563274,GINTWK0002206060171,Counted,8789172579_27200749335,innisfree 濟州香氛護手霜 30ml:陽光下的山草莓(新裝上市),50,正常,50,NO,sp99075@shopee.com,2022-06-06 18:02:44,766109,TW_愛茉莉太平洋股份有限公司_innisfree(SBS),詳情質檢,詳情質檢
276,V,42525,TTWK000563302,13,10346600313_47242805236,12,10346600313,TTWK000563302,GINTWK0002206060151,Counted,10346600313_47242805236,韓國本粥 經典熱銷粥品/甜粥(300g) 韓國超過千家知名連鎖粥品店推出 蝦皮直送 現貨 (部分即期):炒瑪海鮮粥(300g),12,正常,12,NO,sp2907@shopee.com,2022-06-06 18:01:12,678069,TW_韓麗國際有限公司(Consignment),詳情質檢,詳情質檢
277,V,42525,TTWK000563293,45,9689541445_76923517499,12,9689541445,TTWK000563293,GINTWK0002206060097,Counted,9689541445_76923517499,妙管家 馬桶芳香清潔劑750g 現貨 蝦皮直送:玫瑰花香,12,正常,12,NO,sp99062@shopee.com,2022-06-06 18:01:02,678012,TW_台灣妙管家股份有限公司(Consignment),詳情質檢,詳情質檢
278,V,42525,TTWK000563304,57,10925836957_101414486619,12,10925836957,TTWK000563304,GINTWK0002206060457,Counted,10925836957_101414486619,妙管家 E護洗潔精 1000g /罐 洗碗精 碗盤清潔 蝦皮直送,12,正常,12,NO,sp1409@shopee.com,2022-06-06 18:00:50,678012,TW_台灣妙管家股份有限公司(Consignment),詳情質檢,詳情質檢
279,V,42525,TTWK000562664,62,10225889462_101416572778,4,10225889462,TTWK000562664,GINTWK0002206060127,Counted,10225889462_101416572778,【妙管家】小蘇打抗菌洗衣精2000g 蝦皮直送 現貨:2000g,4,正常,4,NO,sp1344@shopee.com,2022-06-06 18:00:48,678012,TW_台灣妙管家股份有限公司(Consignment),詳情質檢,詳情質檢
280,V,42525,TTWK000563297,62,10225889462_101416572778,12,10225889462,TTWK000563297,GINTWK0002206060127,Counted,10225889462_101416572778,【妙管家】小蘇打抗菌洗衣精2000g 蝦皮直送 現貨:2000g,12,正常,12,NO,sp1344@shopee.com,2022-06-06 18:00:12,678012,TW_台灣妙管家股份有限公司(Consignment),詳情質檢,詳情質檢
281,V,42525,TTWK000562658,45,9689541445_76923517498,12,9689541445,TTWK000562658,GINTWK0002206060098,Counted,9689541445_76923517498,妙管家 馬桶芳香清潔劑750g 現貨 蝦皮直送:香水百合,12,正常,12,NO,sp99062@shopee.com,2022-06-06 17:58:20,678012,TW_台灣妙管家股份有限公司(Consignment),詳情質檢,詳情質檢
282,V,42525,TTWK000562656,81,11325950681_84170567468,48,11325950681,TTWK000562656,GINTWK0002206060065,Counted,11325950681_84170567468,妙管家 植萃酵素洗潔精重裝1000+1000g 現貨 蝦皮直送,48,正常,48,NO,sp1409@shopee.com,2022-06-06 17:58:01,678012,TW_台灣妙管家股份有限公司(Consignment),詳情質檢,詳情質檢
283,V,42525,TTWK000563313,24,9589154424_36905475815,12,9589154424,TTWK000563313,GINTWK0002206060163,Counted,9589154424_36905475815,ETUDE 夜店公主長效眼線液獨家2入組(黑) 官方旗艦店:#01,12,正常,12,NO,sp0558@shopee.com,2022-06-06 18:21:27,766108,TW_愛茉莉太平洋股份有限公司_ETUDE HOUSE(SBS),詳情質檢,
284,V,42525,TTWK000547106,13,10346600313_130251446577,108,10346600313,TTWK000547106,GINTWK0002206060119,Counted,10346600313_130251446577,韓國本粥 經典熱銷粥品/甜粥(300g) 韓國超過千家知名連鎖粥品店推出 蝦皮直送 現貨 (部分即期):鮑魚香菇粥(300g),108,正常,108,NO,sp2907@shopee.com,2022-06-06 18:20:35,678069,TW_韓麗國際有限公司(Consignment),詳情質檢,詳情質檢
285,V,42525,TTWK000563315,15,7297238315_94141330845,150,7297238315,TTWK000563315,GINTWK0002206060159,Counting,7297238315_94141330845,innisfree 我的真萃面膜 20ml 綠茶 my real squeeze mask 官方旗艦店:禾米#光彩無暇,150,正常,0,NO,sp99075@shopee.com,2022-06-06 18:20:09,766109,TW_愛茉莉太平洋股份有限公司_innisfree(SBS),詳情計數,詳情計數
287,V,42525,TTWK000563309,79,8789172579_27200749335,100,8789172579,TTWK000563309,GINTWK0002206060158,Counted,8789172579_27200749335,innisfree 濟州香氛護手霜 30ml:陽光下的山草莓(新裝上市),100,正常,100,NO,sp99075@shopee.com,2022-06-06 18:18:38,766109,TW_愛茉莉太平洋股份有限公司_innisfree(SBS),詳情質檢,詳情質檢
288,V,42525,TTWK000563314,45,9689541445_76923517497,11,9689541445,TTWK000563314,GINTWK0002206060095,Counted,9689541445_76923517497,妙管家 馬桶芳香清潔劑750g 現貨 蝦皮直送:薰衣草香,11,正常,11,NO,sp99062@shopee.com,2022-06-06 18:18:14,678012,TW_台灣妙管家股份有限公司(Consignment),詳情質檢,詳情質檢
289,V,42525,TTWK000563300,07,9589536707_94170604133,8,9589536707,TTWK000563300,GINTWK0002206060126,Counted,9589536707_94170604133,妙管家 衣物柔軟精3200ml 現貨 蝦皮直送:果漾清香,8,正常,8,NO,sp1344@shopee.com,2022-06-06 18:17:17,678012,TW_台灣妙管家股份有限公司(Consignment),詳情質檢,詳情質檢
290,V,42525,TTWK000566244,44,8389172744_94141332130,9,8389172744,TTWK000566244,GINTWK0002206060164,Counted,8389172744_94141332130,ETUDE HOUSE 蘇打粉～極淨深層洗顏明星組 官方旗艦店,9,正常,9,NO,sp0558@shopee.com,2022-06-06 18:15:38,766108,TW_愛茉莉太平洋股份有限公司_ETUDE HOUSE(SBS),詳情質檢,詳情質檢
291,V,42525,TTWK000562666,21,10825837421_86701278738,15,10825837421,TTWK000562666,GINTWK0002206060175,Counted,10825837421_86701278738,臭味滾 除臭/抑菌噴霧瓶 500/1000ml 除臭芳香 抑菌 寵物用品 現貨 蝦皮直送:1000ml,15,正常,15,NO,sp0923@shopee.com,2022-06-06 18:13:41,691950,TW_艾穎實業有限公司(Consignment),詳情質檢,詳情質檢
292,V,42525,TTWK000563308,44,8389172744_94141332130,1,8389172744,TTWK000563308,GINTWK0002206060162,Counted,8389172744_94141332130,ETUDE HOUSE 蘇打粉～極淨深層洗顏明星組 官方旗艦店,1,正常,1,NO,sp99075@shopee.com,2022-06-06 18:13:36,766108,TW_愛茉莉太平洋股份有限公司_ETUDE HOUSE(SBS),詳情質檢,詳情質檢
293,V,42525,TTWK000563299,07,9589536707_94170604132,8,9589536707,TTWK000563299,GINTWK0002206060125,Counted,9589536707_94170604132,妙管家 衣物柔軟精3200ml 現貨 蝦皮直送:淡雅清香,8,正常,8,NO,sp1344@shopee.com,2022-06-06 18:12:57,678012,TW_台灣妙管家股份有限公司(Consignment),詳情質檢,詳情質檢
294,V,42525,TTWK000547109,79,8789172579_27200749334,100,8789172579,TTWK000547109,GINTWK0002206060167,Counting,8789172579_27200749334,innisfree 濟州香氛護手霜 30ml:婚禮的花束(新裝上市),100,正常,0,NO,sp0558@shopee.com,2022-06-06 18:24:49,766109,TW_愛茉莉太平洋股份有限公司_innisfree(SBS),詳情計數,
295,V,42525,TTWK000566243,24,9589154424_36905475815,28,9589154424,TTWK000566243,GINTWK0002206060163,Counted,9589154424_36905475815,ETUDE 夜店公主長效眼線液獨家2入組(黑) 官方旗艦店:#01,28,正常,28,NO,sp0558@shopee.com,2022-06-06 18:24:01,766108,TW_愛茉莉太平洋股份有限公司_ETUDE HOUSE(SBS),詳情質檢,詳情質檢
